date,Strategy1,Benchmark
2021-06-30,0.9559525468992305,1.0
2021-07-01,0.9458089323274467,1.0189012137944555
2021-07-02,0.9066517806696891,0.9689029216907283
2021-07-05,0.9020616122226035,0.9659593995927782
2021-07-06,0.907835809177805,0.9753736208737598
2021-07-07,0.9063008889442011,0.9734830539561562
2021-07-08,0.9045108911549399,0.9347553921255587
2021-07-09,0.9010377736587236,0.9279891526309771
2021-07-12,0.9155769878808081,0.9391870116716147
2021-07-13,0.909164077924514,0.94742055683359
2021-07-14,0.8938195444003715,0.9291891354035016
2021-07-15,0.907354520152862,0.9605015571558626
2021-07-16,0.9134519966731339,0.9619688628232566
2021-07-19,0.9122907668326053,0.9594114737956733
2021-07-20,0.9049615963768458,0.9452106875693369
2021-07-21,0.9129539756705619,0.9453012803281537
2021-07-22,0.9248269551793189,0.9563714184301314
2021-07-23,0.9290065348677528,0.9552739094339735
2021-07-26,0.9005740595226142,0.915655171287145
2021-07-27,0.8779321627548388,0.8884372452078658
2021-07-28,0.8765211922784651,0.9044469163561513
2021-07-29,0.8822861338796878,0.9125245231627863
2021-07-30,0.8657574789395088,0.8884298195718973
2021-08-02,0.8918013397444754,0.9127591732593938
2021-08-03,0.8940789723067144,0.9120210650441157
2021-08-04,0.8913552824126315,0.9035959384741508
2021-08-05,0.8764577828199833,0.8952896220796831
2021-08-06,0.884542633383675,0.9087344785644167
2021-08-09,0.9014565791149632,0.9332168003528662
2021-08-10,0.911094212745438,0.9511318896906926
2021-08-11,0.9084832530628176,0.9589867274182697
2021-08-12,0.9099893480106407,0.9567144828118805
2021-08-13,0.9237669278470665,0.9678083829489579
2021-08-16,0.9203051533013379,0.9626802387490478
2021-08-17,0.9163813922855758,0.9454676145738503
2021-08-18,0.9678032621398048,1.0078548377275773
2021-08-19,0.944400296945717,0.9799938515734181
2021-08-20,0.9443518605932276,0.972998902491004
2021-08-23,0.9517920945812838,0.9864764317739994
2021-08-24,0.9793467964477652,0.9999064369867958
2021-08-25,0.9707509975350384,0.9871729564278533
2021-08-26,0.9574078579564674,0.9593520687079246
2021-08-27,0.9632870797701423,0.9708959623846984
2021-08-30,0.9479986241094579,0.941517176238559
2021-08-31,0.974492924939857,0.9659103903953855
2021-09-01,1.0185628230925683,1.005355368660549
2021-09-02,1.0278135191966447,1.0183324100792612
2021-09-03,1.0140772171469568,1.0167388686004015
2021-09-06,1.0180130773846467,1.0096369903600395
2021-09-07,1.0343314326499953,1.0345247518723741
2021-09-08,1.0251391139833848,1.0260951699208278
2021-09-09,1.018744712713946,1.0198813977423098
2021-09-10,1.0430678143388852,1.052790331227918
2021-09-13,1.039850973424726,1.0491785018927948
2021-09-14,1.0111007066965105,1.0165398615564432
2021-09-15,1.001056537084792,1.0044301344188624
2021-09-16,0.9751157803626782,0.9853700120146791
2021-09-17,0.9916121572145995,0.9986470491265225
2021-09-22,0.9765404239283424,0.9717677320474112
2021-09-23,0.989924475939335,0.9713325897796516
2021-09-24,0.984761605936146,0.9683044154316597
2021-09-27,0.9740786424601852,0.9671623526196902
2021-09-28,0.9856475437047771,0.9868863268794656
2021-09-29,0.9824161835444776,0.9980455726130665
2021-09-30,0.9680329931255295,0.9795171257442343
2021-10-08,0.9842582118952834,0.9919030865398467
2021-10-11,0.9895186391269135,1.0170299535303702
2021-10-12,0.9654130526787204,1.0074850410563412
2021-10-13,0.9605977543138768,1.0047182490944437
2021-10-14,0.9595299830555629,0.9968634113668666
2021-10-15,0.9693220914637,1.0116196351636537
2021-10-18,0.9643215435045055,0.9934446485669266
2021-10-19,0.9704099268657433,1.0073543498632942
2021-10-20,0.9670232408692733,1.000580684732744
2021-10-21,0.9771372236277882,1.0198888233782784
2021-10-22,0.9884002077320837,1.0307673800722663
2021-10-25,0.9953672634911399,1.037120754206994
2021-10-26,0.986194198602714,1.040940501349238
2021-10-27,0.9651422457587857,1.0231367965509408
2021-10-28,0.9664234698964075,1.0203878261153678
2021-10-29,1.0154693698151287,1.032308942099346
2021-11-01,1.0190605362421783,1.0355539450176212
2021-11-02,0.9960962272767397,1.0057548678756592
2021-11-03,0.9891315955333757,0.9968871734019661
2021-11-04,0.9907844980357368,0.9981911150780509
2021-11-05,0.9875131231878638,0.9947055215543936
2021-11-08,0.9887681839850448,0.9927347577683292
2021-11-09,0.9906818974673312,0.9912852736272599
2021-11-10,0.9726405759489312,0.9781998179234062
2021-11-11,1.0053606940368778,1.015944325551762
2021-11-12,0.9917517974063779,1.005123688818329
2021-11-15,0.991487345967048,1.010260743781401
2021-11-16,0.9559360248023676,0.9886224405689226
2021-11-17,0.9529966965283294,0.9806280008851358
2021-11-18,0.9516414104429537,0.9756929232204092
2021-11-19,0.9629000812686801,0.9903347922232799
2021-11-22,0.9589836390866411,0.9820626337542679
2021-11-23,0.9571357454597018,0.9817552124251682
2021-11-24,0.9565319228144791,0.9813616537188328
2021-11-25,0.9519722570146822,0.9759543056065039
2021-11-26,0.9398005168571443,0.9568926980751267
2021-11-29,0.934924765114663,0.9517289108225675
2021-11-30,0.9322233827562165,0.9471294719036212
2021-12-01,0.9476567978493584,0.9596372131291184
2021-12-02,0.9574328517767232,0.9733553330174963
2021-12-03,0.9698789230880381,0.9830116300310541
2021-12-06,1.0040417032885982,1.0053627942965175
2021-12-07,1.0107197983315304,1.0088231406578818
2021-12-08,1.021160010583652,1.0159101676263065
2021-12-09,1.0380390820599186,1.0349866264296206
2021-12-10,1.0280526516538768,1.0336856550079232
2021-12-13,1.028250707960808,1.0231501626956843
2021-12-14,1.0114411619763808,1.0023197686765883
2021-12-15,1.0127755380787589,1.0014806718121374
2021-12-16,1.020752979066167,1.0073647457536503
2021-12-17,1.0084550833737478,0.9970846953187306
2021-12-20,0.9967831854887426,0.990588748973406
2021-12-21,1.0027319922537128,0.9928981217596382
2021-12-22,0.9929091879977532,0.9819393681971893
2021-12-23,0.9954733845527679,0.9852779341286685
2021-12-24,0.9868552503059898,0.9774914122520024
2021-12-27,0.9923158450680307,0.974892439662995
2021-12-28,0.9953928939694661,0.9793760386608311
2021-12-29,0.9792929914591968,0.9515388145417716
2021-12-30,0.9977118199768309,0.9692801439979328
2021-12-31,1.0259890609996745,0.9724850484819773
2022-01-04,1.023213611548158,0.9683059005588535
2022-01-05,1.0191819669386324,0.9705306210950437
2022-01-06,0.9995398342927438,0.9521328654192589
2022-01-07,1.0144835842165172,0.9675900692514812
2022-01-10,1.0185397368826927,0.9713489261787827
2022-01-11,1.0271979258018136,0.9809725503940785
2022-01-12,1.030827445948372,0.9826344077238496
2022-01-13,1.0308996457788506,0.9798304875821091
2022-01-14,0.9899803890983461,0.945268607529892
2022-01-17,1.0089561812435122,0.9609426399323971
2022-01-18,1.0136765183927314,0.9668133477291663
2022-01-19,0.47151122960870545,0.6321711222957691
2022-01-20,0.48735462191701456,0.6534128965475249
2022-01-21,0.49162368672553186,0.659136576752116
2022-01-24,0.4919083648925762,0.6595182544409016
2022-01-25,0.4828950331990356,0.6474337744656141
2022-01-26,0.4838443296548995,0.6487065284706309
2022-01-27,1.0277447492142424,0.9875546341166389
2022-01-28,1.0231198910094963,0.974080075088031
2022-02-07,1.0587993973081615,1.0109245956369932
2022-02-08,1.0642480205412292,1.0167759967802443
2022-02-09,1.0620366754759294,1.0147814709590803
2022-02-10,1.063343937805307,1.0162101633194376
2022-02-11,1.0814469487219966,1.0346613835741962
2022-02-14,1.0465222678007402,1.0022232354089966
2022-02-15,1.0347350642656608,0.9881991793187128
2022-02-16,1.0394081960134876,0.9968886585291596
2022-02-17,1.0379075703028033,0.9985950696747423
2022-02-18,1.0510628611288921,1.0108978633475065
2022-02-21,1.0455014583301154,1.0053821009500359
2022-02-22,1.0292991928944264,0.9915793288116161
2022-02-23,1.03057549884842,0.989733315709824
2022-02-24,1.0050245770884987,0.9682479805982984
2022-02-25,0.9998674615803251,0.9635965622275721
2022-02-28,1.2051902052878383,0.9636114134995093
2022-03-01,1.2101525893602956,0.9697746913534411
2022-03-02,1.193254266523506,0.955593211780623
2022-03-03,1.20016903870368,0.9608817497174547
2022-03-04,1.1756699498583847,0.9411280729138047
2022-03-07,1.125942440218047,0.9024405095174377
2022-03-08,1.0935843444355633,0.8771027544654063
2022-03-09,1.0730486954708407,0.858427280004396
2022-03-10,1.072157625657434,0.8609549664881049
2022-03-11,1.078330010114489,0.8611717950583879
2022-03-14,1.0465405752146348,0.8265386289008723
2022-03-15,0.9933431004935405,0.779316039522205
2022-03-16,1.0606621155958713,0.8363954180855819
2022-03-17,1.072656973049173,0.8593866721715382
2022-03-18,1.1112005090620833,0.8908327553713338
2022-03-21,1.0781882674126666,0.8644762030644115
2022-03-22,1.085437301323179,0.8742008159288803
2022-03-23,1.0869746240496498,0.8769854294171026
2022-03-24,1.0815785012544818,0.8748468462581478
2022-03-25,1.0661505762701864,0.8629554328180439
2022-03-28,1.0681708428172834,0.8625767253836456
2022-03-29,1.0606569968445914,0.8590955872415693
2022-03-30,1.0986854916670703,0.8862184651804503
2022-03-31,1.0975224209946122,0.8910629500863603
2022-04-01,1.107500104674728,0.897991068445057
2022-04-06,1.1098687611375004,0.9016801243942537
2022-04-07,1.0904809878633568,0.8887119937387038
2022-04-08,1.1067858544757216,0.8984440322391412
2022-04-11,1.07545400007497,0.8735295384373195
2022-04-12,1.0953808616561205,0.879900734098372
2022-04-13,1.0821014353987821,0.8748765488020223
2022-04-14,1.0914246049569964,0.8788255020101199
2022-04-15,1.0970814934750293,0.8911609684811456
2022-04-18,1.0487946729342945,0.8390552808895317
2022-04-19,1.0358640913412223,0.8216570158151196
2022-04-20,1.017087244659158,0.8045498356706761
2022-04-21,1.016162051498577,0.8058493219651798
2022-04-22,1.0274942524677018,0.8219332494731512
2022-04-25,0.9752745181874207,0.7660523685551051
2022-04-26,0.9410430613791654,0.7479739152259695
2022-04-27,0.9544491485875852,0.7500605189331441
2022-04-28,0.9659808079736913,0.7695899415305425
2022-04-29,0.9189233895866273,0.7865530643371952
2022-05-05,0.9041959319044275,0.773644338769394
2022-05-06,0.876032355323954,0.7482635150287447
2022-05-09,0.8645908135895324,0.7289568615104041
2022-05-10,0.8772934919631137,0.7394062164454075
2022-05-11,0.8828115922760502,0.7440309025266469
2022-05-12,0.8776774060756131,0.7358330004173208
2022-05-13,0.8878584394752135,0.7455323661194964
2022-05-16,0.8787612983263571,0.7391106761338575
2022-05-17,0.8980043498420514,0.7643994219884962
2022-05-18,0.9041550260487895,0.7659588055419007
2022-05-19,0.8961112656134288,0.7578574367001663
2022-05-20,0.9211471177149249,0.7877842347807879
2022-05-23,0.9164941530066766,0.7810996772818609
2022-05-24,0.8971835288394424,0.7670845319547392
2022-05-25,0.8988002936255275,0.766548401037807
2022-05-26,0.9071038869696788,0.7664830554412834
2022-05-27,0.9111117629221792,0.7751190700727564
2022-05-30,0.9070690413721305,0.7729270223348279
2022-05-31,0.9208023417836313,0.7849164541697173
2022-06-01,0.9147016559737307,0.7823694610324902
2022-06-02,0.9122248249757134,0.7735656270281269
2022-06-06,0.9220302934715576,0.7781635808198795
2022-06-07,0.929510669834329,0.7851214017224506
2022-06-08,0.9391171895104942,0.7909475557034082
2022-06-09,0.9394967695626936,0.7987756611414984
2022-06-10,0.9574076179154664,0.8045379546531264
2022-06-13,0.9300191645244218,0.7774626007844442
2022-06-14,0.962715033355876,0.7978741889349114
2022-06-15,0.9962858772399799,0.8244015308691113
2022-06-16,0.9574168509614256,0.8029265916479418
2022-06-17,0.9567241677876113,0.8015276018314589
2022-06-20,0.9523892051866372,0.798203887171917
2022-06-21,0.9661893014405794,0.81032252507266
2022-06-22,0.9512920647414905,0.7938108809328975
2022-06-23,0.9907545287326409,0.8186615142653895
2022-06-24,0.9863871165128894,0.8174437099665401
2022-06-27,0.9987627082379971,0.8332053648734746
2022-06-28,0.9972548798563319,0.8328786368908566
2022-06-29,0.98403211924457,0.8246332107113314
2022-06-30,1.0950821271620272,0.843307200045148
2022-07-01,1.077793703931406,0.8283475138228215
2022-07-04,1.07989330515937,0.8255658705889866
2022-07-05,1.0684165268515362,0.8207124749199146
2022-07-06,1.052269449461888,0.8023072936081611
2022-07-07,1.050799956983267,0.8012469127918461
2022-07-08,1.0424312132970988,0.7988959564441898
2022-07-11,1.0217422194754582,0.7875377036666307
2022-07-12,1.0217468997386445,0.7860406954553623
2022-07-13,1.0138601080015381,0.7682340204026774
2022-07-14,0.9979431984559676,0.7473412510414454
2022-07-15,0.979615055706714,0.7398057156605178
2022-07-18,0.995958172136696,0.7541386782070951
2022-07-19,0.9999882185856352,0.7564732981556206
2022-07-20,1.0016051195784004,0.7586163366961565
2022-07-21,0.9910005133526245,0.7504674437842229
2022-07-22,0.9961179472540143,0.7537495748823408
2022-07-25,0.9889362908740256,0.754086698755315
2022-07-26,0.9984871876998558,0.7628638004701913
2022-07-27,0.9960515566463477,0.7588643529375074
2022-07-28,0.9968402561833565,0.7561302337738716
2022-07-29,0.9819784722863132,0.7428843843330962
2022-08-01,0.9684519177880068,0.7319033538627415
2022-08-02,0.9434913407335688,0.7161654609909067
2022-08-03,0.9365170120100017,0.7041760291560171
2022-08-04,0.9436037658152657,0.7134120351737525
2022-08-05,0.9655761555847433,0.7284177603390842
2022-08-08,0.9684302415667052,0.7250821646619925
2022-08-09,0.9646262092475141,0.7202584715367948
2022-08-10,0.9659391046441539,0.7157006161792727
2022-08-11,1.0003630178810128,0.7415254929508439
2022-08-12,0.996069125535491,0.7401027410992616
2022-08-15,0.9879535267685691,0.7300514002521746
2022-08-16,0.9886172932071189,0.7322998828234646
2022-08-17,1.0008458391665014,0.7403581829765811
2022-08-18,0.9906648539546264,0.7309083186429502
2022-08-19,0.989846630079442,0.7320682029812444
2022-08-22,0.9873069282466695,0.7285915202207494
2022-08-23,0.9822682413744719,0.7209802433529421
2022-08-24,0.9664923186564018,0.7124348214802857
2022-08-25,0.9944470584572792,0.7319256307706474
2022-08-26,0.9871832603663058,0.7294410129755564
2022-08-29,0.9834927592474774,0.7234292180953839
2022-08-30,0.9816103097760783,0.7284534033917336
2022-08-31,1.1761593268613413,0.7491040970203894
2022-09-01,1.1615015441027938,0.7386057328879931
2022-09-02,1.1572293602106831,0.7353429084433938
2022-09-05,1.1577353240088755,0.7345854935745972
2022-09-06,1.1614464522597119,0.7295420016247292
2022-09-07,1.1544342628053417,0.7247569218065681
2022-09-08,1.1510725922103027,0.7228232862003467
2022-09-09,1.1826159665509048,0.7455858306984702
2022-09-13,1.1925164078770507,0.7575960543140718
2022-09-14,1.1770800443033538,0.7474556058353619
2022-09-15,1.185295966527844,0.7619935159346722
2022-09-16,1.1268663525920979,0.7317815734328568
2022-09-19,1.1281341737378712,0.7336394675521986
2022-09-20,1.1231520724168305,0.7263385822678783
2022-09-21,1.1224147061494643,0.7247584069337619
2022-09-22,1.1184798314561484,0.7209906392432981
2022-09-23,1.1188798885247198,0.7230757578232789
2022-09-26,1.1002113212999178,0.7126902633576053
2022-09-27,1.1019596017175093,0.7127541238269353
2022-09-28,1.084480397747296,0.7046111714237766
2022-09-29,1.0656916368575993,0.6930553967294529
2022-09-30,1.0711012440856476,0.6999835150881498
2022-10-10,1.0503860807337133,0.6741185398823483
2022-10-11,1.0494000673036779,0.6696809798275174
2022-10-12,1.0629208363662628,0.669525041472177
2022-10-13,1.0498018745181013,0.6542920918462063
2022-10-14,1.0764167047086577,0.675322978036454
2022-10-17,1.0807118450088966,0.6761264318482556
2022-10-18,1.07827813824259,0.6730596441932271
2022-10-19,1.0703099323148668,0.6648751082286444
2022-10-20,1.0685891007357116,0.6623533622537103
2022-10-21,1.068549309274063,0.6573039297950674
2022-10-24,1.035060947271851,0.6301973882553171
2022-10-25,1.026483418934561,0.6291087900223216
2022-10-26,1.0241281700594391,0.6256573544241197
2022-10-27,1.0273011874051738,0.6268098131264452
2022-10-28,1.0037005144659201,0.6111951858116889
2022-10-31,0.8643920003693083,0.6062719891645121
2022-11-01,0.8990454403233499,0.6344894058451636
2022-11-02,0.8995481101154602,0.6376883698204333
2022-11-03,0.8905051831410706,0.6301587749482804
2022-11-04,0.9166234951964258,0.6513931235640678
2022-11-07,0.9176288347806462,0.6527460744375453
2022-11-08,0.9181315045727562,0.652757955455095
2022-11-09,0.9166234951964258,0.6527193421480583
2022-11-10,0.9256664221708154,0.6554712828380187
2022-11-11,0.9522874040182806,0.6903895934167282
2022-11-14,0.964341220461738,0.7191000723256944
2022-11-15,0.9944757615703814,0.7296830887081325
2022-11-16,0.9758923671130852,0.7256301765964747
2022-11-17,0.9774003764894156,0.7118630475107042
2022-11-18,0.9618278715011873,0.7041686035200485
2022-11-21,0.946763165588662,0.6971528626569223
2022-11-22,0.9623305412932975,0.7093591230620948
2022-11-23,0.9653465600459583,0.7071789563417159
2022-11-24,0.9593196518242296,0.7054339318890968
2022-11-25,0.9718761380597971,0.7196881826944069
2022-11-28,0.9547956236952384,0.7006726141060351
2022-11-29,0.9914597428177205,0.7497813150207251
2022-11-30,0.9954811011546018,0.7522733584517847
2022-12-01,1.0030160187526607,0.7549866858347084
2022-12-02,0.9959837709467118,0.7448536629919671
2022-12-05,1.0462097158889816,0.7820932273744585
2022-12-06,1.0497232751501597,0.7797927653513885
2022-12-07,1.0341558994455242,0.7682503568018083
2022-12-08,1.0301345411086433,0.7688102497538403
2022-12-09,1.036664119122482,0.7879565095352592
2022-12-12,1.0165727152888555,0.769396874995359
2022-12-13,1.0195887340415164,0.774915607647217
2022-12-14,1.0316425504849736,0.7886263018996262
2022-12-15,1.018080724665186,0.7770022113543915
2022-12-16,1.0251129724711348,0.7891253046367157
2022-12-19,1.0025133489605504,0.7747507585287142
2022-12-20,0.9899568627249832,0.7607623454910797
2022-12-21,0.9914597428177205,0.7642494241419306
2022-12-22,0.9979893208315594,0.7734408763438545
2022-12-23,0.9939730917782712,0.7705523039520721
2022-12-26,0.9879461835565425,0.7632321120142336
2022-12-27,1.0115511466513472,0.7796234608513046
2022-12-28,1.0070322478059488,0.787075829109384
2022-12-29,0.9934704219861611,0.7818229342252019
2022-12-30,0.9651775992868591,0.7841115152307219
2023-01-03,0.9649589198150931,0.7882134365397725
2023-01-04,0.9775518626088702,0.8060512992635254
2023-01-05,0.9910667045974499,0.8082775049269095
2023-01-06,0.9895610505435468,0.8062488211802901
2023-01-09,1.0011722266327496,0.8153140375707479
2023-01-10,0.9908700571319875,0.8049597307761425
2023-01-11,0.9866976453175373,0.8123987328894784
2023-01-12,0.9924402956102114,0.8158694751411986
2023-01-13,1.0065482899434994,0.8281826647043187
2023-01-16,1.0443207076849121,0.8504224444302533
2023-01-17,1.0487150042910875,0.8545184252305289
2023-01-18,1.0367278483627147,0.8469012078539468
2023-01-19,1.0482209831577431,0.853974868677628
2023-01-20,1.0508878243147564,0.8600119107200936
2023-01-30,1.0488362509052211,0.8721468850199676
2023-01-31,1.038792107974283,0.8583545087719039
2023-02-01,1.070230286354241,0.8593510291188888
2023-02-02,1.0388046590985125,0.8429834423169174
2023-02-03,1.0349372837403312,0.8322741901230132
2023-02-06,1.010222000053546,0.8122502201701065
2023-02-07,1.012616533447646,0.813772475543668
2023-02-08,1.0112681797611476,0.8143977140922236
2023-02-09,1.0253714935233769,0.8187610177873685
2023-02-10,1.0152424688590358,0.8113279561828073
2023-02-13,1.0134849757725957,0.8050503235349593
2023-02-14,1.0132347834124518,0.8086205693086586
2023-02-15,1.004589297399244,0.7951311590081134
2023-02-16,0.9962098435868347,0.7938420686039657
2023-02-17,0.9802546741226883,0.7816090759093062
2023-02-20,1.0192606976012126,0.8168704508697648
2023-02-21,1.0217701503659935,0.8202520854898618
2023-02-22,1.0077203814984457,0.8090007618702504
2023-02-23,1.0186172103101443,0.8138051483419297
2023-02-24,0.9973001707035093,0.7966548995088685
2023-02-27,0.9900125192588742,0.7904916216549367
2023-02-28,0.9965436688035278,0.7955365987319984
2023-03-01,1.0102140404795588,0.8116487436566506
2023-03-02,1.0093670095504346,0.8113576587266818
2023-03-03,1.021640314849991,0.8155754199568424
2023-03-06,0.9972181477146966,0.7920034811381421
2023-03-07,0.9881520528188263,0.7835441966427216
2023-03-08,0.9799620644323878,0.7739294831905879
2023-03-09,0.9751969868120658,0.7671914611126871
2023-03-10,0.9611152187969203,0.7556742997254
2023-03-13,0.967105608396691,0.75797476174847
2023-03-14,0.9541339538827239,0.7478105512346606
2023-03-15,0.9631628937813217,0.75455599894853
2023-03-16,0.9564814984887988,0.7494664680556566
2023-03-17,0.9661070216129537,0.7492526097397612
2023-03-20,0.9606634253729804,0.7444675299216001
2023-03-21,0.9677974117103729,0.7482560893927761
2023-03-22,0.9726239443044861,0.7536782887770423
2023-03-23,0.9828326181647811,0.7652013906731043
2023-03-24,0.9815709488089895,0.7554173727208867
2023-03-27,0.975769699734381,0.7507525882054169
2023-03-28,0.9759709593849909,0.7531287917153665
2023-03-29,0.9674353512196019,0.746794724234157
2023-03-30,0.9796181259650597,0.7537748220446341
2023-03-31,0.9793550433930055,0.7527129561011253
2023-04-03,1.0016851848203536,0.7616014423555306
2023-04-04,1.0043535952114444,0.7614247122194782
2023-04-06,0.9951561430033737,0.7524352373159
2023-04-07,1.0081241257565117,0.7610207576227868
2023-04-10,1.0063354936356819,0.761620749009049
2023-04-11,1.0139714068662875,0.7580519883625434
2023-04-12,1.0140041542074243,0.7581841646827843
2023-04-13,0.9979643580712834,0.7559505333834317
2023-04-14,0.9996377917138427,0.7611410529254778
2023-04-17,1.037422897229569,0.7839615173841565
2023-04-18,1.0368881369254561,0.7896064858474805
2023-04-19,1.0257168657101132,0.7835813248225645
2023-04-20,1.0270000469722866,0.7778294272012927
2023-04-21,0.9940745893394634,0.760564823574315
2023-04-24,0.9830723461766326,0.7458546387205333
2023-04-25,0.9887215236535888,0.7530174071758376
2023-04-26,0.9842192467274306,0.7489199412483682
2023-04-27,0.9972334093111219,0.7389413716337736
2023-04-28,1.0444606380702637,0.7516718819383286
2023-05-04,1.0588411904943944,0.7623425208251962
2023-05-05,1.0842018477506463,0.77937395948276
2023-05-08,1.11738656819985,0.8025048155249257
2023-05-09,1.1095070476029552,0.7951341292625007
2023-05-10,1.078817987146625,0.7749423399367039
2023-05-11,1.0772586512335023,0.7742977947346301
2023-05-12,1.06339449864351,0.7644914998745069
2023-05-15,1.0815268708682209,0.7779066538153661
2023-05-16,1.082815995394766,0.7792091103642571
2023-05-17,1.074414241631423,0.7729255372076342
2023-05-18,1.0739200822415806,0.7724072278170264
2023-05-19,1.056651329206302,0.7602440361004719
2023-05-22,1.0606625341032294,0.7637073527162235
2023-05-23,1.040096632726542,0.749200630287981
2023-05-24,1.015394574621865,0.7320177086566579
2023-05-25,1.008761329662779,0.7258291836404329
2023-05-26,1.0148499507860003,0.7308028746121962
2023-05-29,1.0135890502611817,0.7298509080810227
2023-05-30,1.013092268271974,0.7293311135632212
2023-05-31,1.0000257034180495,0.7203104509885749
2023-06-01,0.9977061495817834,0.7178525654829708
2023-06-02,1.0151863438510635,0.7325672057183338
2023-06-05,1.0098553180516205,0.729405369922907
2023-06-06,1.0059416810886725,0.727332132360476
2023-06-07,1.0104221823317814,0.7309662386035052
2023-06-08,1.0306130428173785,0.7461189913610151
2023-06-09,1.024992037561306,0.7413146048893358
2023-06-12,1.0163688563783753,0.7363839826061904
2023-06-13,1.0197074253702967,0.738274549523794
2023-06-14,1.015111856466024,0.7340508477848586
2023-06-15,1.0277727860685764,0.7427937915742795
2023-06-16,1.0332375552537814,0.7468897723745551
2023-06-19,1.021817908331117,0.738754245607365
2023-06-20,1.013649248382237,0.7322686951523965
2023-06-21,1.0079580588195227,0.7289509210016293
2023-06-26,0.9851649263418184,0.7133734218667158
2023-06-27,0.9934525545643299,0.7190673995274326
2023-06-28,0.9971646341934302,0.7222663635027022
2023-06-29,0.9900678242047838,0.7164832782103623
2023-06-30,0.9581867828783263,0.72248913258176
2023-07-03,0.9850438995642665,0.7419205367843729
2023-07-04,0.9806040074852582,0.7397151229017009
2023-07-05,0.9681958021318882,0.7314533603230449
2023-07-06,0.9567862820739872,0.7240262392272587
2023-07-07,0.9513693723936408,0.7216054819014975
2023-07-10,0.9545012550411186,0.7233193186830487
2023-07-11,0.9617263930686046,0.728514293606676
2023-07-12,0.9714081566081979,0.7326934415297999
2023-07-13,0.9848399785693227,0.743799222684427
2023-07-14,0.9870955839226885,0.7453556359834439
2023-07-17,0.9780286719389888,0.7382344510895636
2023-07-18,0.9735019234991483,0.7357186456234044
2023-07-19,0.9776506075290348,0.7391448340593131
2023-07-20,0.9792067739547681,0.7390854289715644
2023-07-21,0.9824998108756131,0.7414987606613569
2023-07-24,0.9742794665174853,0.7370329831898453
2023-07-25,1.0307633401933411,0.7798313786584252
2023-07-26,1.0347516921122477,0.7838590436077899
2023-07-27,1.0396510889524329,0.7844204216870154
2023-07-28,1.0966742429868912,0.8358563169142623
2023-07-31,1.1122711207043245,0.8485541544205554
2023-08-01,1.0939955840485949,0.8343162400143762
2023-08-02,1.072445803436619,0.8234881776449745
2023-08-03,1.0941989943964405,0.8410260446755963
2023-08-04,1.1018263749704484,0.8477536708631411
2023-08-07,1.0932825334655527,0.8434482871285512
2023-08-08,1.0860825420970253,0.8404364491796901
2023-08-09,1.083017819654365,0.8387612257051756
2023-08-10,1.0889018333345926,0.8446601509186256
2023-08-11,1.0535576031850609,0.8147972133073338
2023-08-14,1.0331740884786447,0.8000409895105467
2023-08-15,1.0344131778582204,0.8038770730519216
2023-08-16,1.0238911967317201,0.7969593505835808
2023-08-17,1.0188933238424318,0.793565834945934
2023-08-18,1.021290641884128,0.7951177928633699
2023-08-21,0.9925084501440278,0.7696344953463541
2023-08-22,0.9999951602697356,0.7763680620426737
2023-08-23,0.984257612104002,0.7636761650451553
2023-08-24,0.9971284703143408,0.7776690334643711
2023-08-25,1.0130623623431538,0.7900193512073342
2023-08-28,1.0338679523060335,0.8051706188376504
2023-08-29,1.0242348672206762,0.7959999584164387
2023-08-30,1.0064307230471423,0.7784992195656597
2023-08-31,1.0253284115893118,0.7716126847683871
2023-09-01,1.0470097791855466,0.7843699273624289
2023-09-04,1.0843001278560973,0.8048409206006449
2023-09-05,1.0712056491470021,0.7961365901182607
2023-09-06,1.0770934409765338,0.7959257020567527
2023-09-07,1.0707041155141874,0.792695550410415
2023-09-08,1.0722512532505288,0.7950465067580714
2023-09-11,1.0665986434272012,0.7966014349298947
2023-09-12,1.0646312654100074,0.7930623768272634
2023-09-13,1.0603093814364635,0.7896079709746742
2023-09-14,1.0695785132062254,0.7942385975646884
2023-09-15,1.0651509215887052,0.7891342153998779
2023-09-18,1.0673521864645763,0.7913114118658693
2023-09-19,1.0649933314833855,0.7886886772417625
2023-09-20,1.0577391111673198,0.7836852837261248
2023-09-21,1.0464751332110354,0.7761170755469353
2023-09-22,1.07903769984924,0.8027736235469887
2023-09-25,1.06551428280961,0.7874664175613321
2023-09-26,1.0601749104756317,0.7858535694289538
2023-09-27,1.0610147434635733,0.7868768220654259
2023-09-28,1.0633893146870965,0.7834818213005853
2023-10-09,1.052262213995195,0.7783165489208324
2023-10-10,1.051236027585078,0.7747433328927456
2023-10-11,1.047625149811012,0.7739710667520121
2023-10-12,1.0667944213455776,0.7863674234379804
2023-10-13,1.0522859807134461,0.7763606364067052
2023-10-16,1.0435940317560934,0.7720106988563036
2023-10-17,1.0519520303831602,0.7814858103522276
2023-10-18,1.0506150127872451,0.7797289048820586
2023-10-19,1.022540618277586,0.7623870746410076
2023-10-20,1.0246887055445875,0.7630628075141497
2023-10-23,1.0107537462737872,0.7519822735218158
2023-10-24,1.0150806268459351,0.7594970171220314
2023-10-25,1.019693276738104,0.7644454609315016
2023-10-26,1.0217857800926844,0.7649711959580779
2023-10-27,1.0238582181800913,0.7688072794994529
2023-10-30,1.003453287668746,0.753596606781388
2023-10-31,1.0984727652672512,0.7532698787987697
2023-11-01,1.0895187660818317,0.7492243923230806
2023-11-02,1.0945189927412518,0.749475378818819
2023-11-03,1.1065763063930019,0.758718810472523
2023-11-06,1.1195958106440675,0.7752259992307041
2023-11-07,1.1092260367184017,0.7698691454429616
2023-11-08,1.101474276801584,0.7639494284487995
2023-11-09,1.1021778392194503,0.763007857807982
2023-11-10,1.087450288236533,0.7560039979624056
2023-11-13,1.0759278546519442,0.7487164788228289
2023-11-14,1.0900462759476142,0.7589400944243871
2023-11-15,1.102828938726133,0.7648063468395752
2023-11-16,1.0983767289382627,0.7608811556665771
2023-11-17,1.092988278264619,0.7592757331701674
2023-11-20,1.098844729586717,0.7602529468636343
2023-11-21,1.0952269577526226,0.7594895914860629
2023-11-22,1.0852336350462968,0.7522911799781093
2023-11-23,1.0849094071492753,0.752456029096612
2023-11-24,1.0791025354368562,0.7476739195328385
2023-11-27,1.0582381182414893,0.7339231268461989
2023-11-28,1.0504616883142646,0.7293741822518389
2023-11-29,1.0379943639393883,0.7212119231951621
2023-11-30,1.0381441428826954,0.7218148848358118
2023-12-01,1.0235112642192616,0.7160258590346971
2023-12-04,1.016878604457581,0.7112764222691853
2023-12-05,0.9976072942576794,0.6991340223333428
2023-12-06,1.003375079452168,0.6999627233074377
2023-12-07,1.0055552898371136,0.701850319970654
2023-12-08,0.9957177522659691,0.69632119142844
2023-12-11,1.0056803987700138,0.7038240540111058
2023-12-12,1.0135121749099265,0.7066977751309511
2023-12-13,0.985342211737294,0.6888346652449049
2023-12-14,0.9778840035152163,0.6830545502069525
2023-12-15,0.9834191102417977,0.6852614492168183
2023-12-18,0.9847157822410184,0.6856654038135097
2023-12-19,0.9867826564879474,0.6887752601571562
2023-12-20,0.9757531331510849,0.6784254087441319
2023-12-21,0.9958717785202857,0.6891628783547168
2023-12-22,0.9930155590293857,0.687910916130412
2023-12-25,0.9882669142452707,0.6827812868033084
2023-12-26,0.9791878061269512,0.6767620662871672
2023-12-27,0.9805149147395882,0.6779249208798488
2023-12-28,1.005005993262429,0.6945702264670458
2023-12-29,0.9038592816404531,0.692189567575515
2024-01-02,0.8937039877407982,0.6843718580277809
2024-01-03,0.8993248071212951,0.6886668458720148
2024-01-04,0.8966545802970057,0.6865535098753534
2024-01-05,0.9016009528482509,0.6901579135745082
2024-01-08,0.8916072399714847,0.6824218860224285
2024-01-09,0.8931114465871977,0.6835773149791414
2024-01-10,0.890878659419081,0.6818961509958521
2024-01-11,0.8996720541675052,0.68859704489391
2024-01-12,0.9011311876991395,0.6896500000742565
2024-01-15,0.9046527246385161,0.6922786752071381
2024-01-16,0.9132456869038466,0.698805809223531
2024-01-17,0.9075344170117995,0.694299933317789
2024-01-18,0.9199097504884313,0.7037720745593257
2024-01-19,0.9223214198110158,0.7055765040996936
2024-01-22,0.9255458521318751,0.7078101353990462
2024-01-23,0.9330371872729196,0.7138219302792188
2024-01-24,0.9489318273605138,0.7262123464564123
2024-01-25,0.9647578251667712,0.7381512839667155
2024-01-26,0.9739713584397889,0.7452427663167213
2024-01-29,0.9735081192579436,0.7447511892156004
2024-01-30,0.9643419358392245,0.7377696062779298
2024-01-31,0.9600852923801777,0.7345988597193407
2024-02-01,0.9535527610957626,0.7296459605282896
2024-02-02,0.9450870819335546,0.7231232818934779
2024-02-05,0.9540162581791949,0.7298464526994415
2024-02-06,0.9837581128661952,0.7527886975880049
2024-02-07,0.984143953471023,0.7531020594258796
2024-02-08,0.9871461450785755,0.7554025214489495
2024-02-19,0.9836526379932856,0.7525436516010415
2024-02-20,0.982215054790277,0.7515411907452814
2024-02-21,1.0193756110415255,0.7797437561539958
2024-02-22,1.022293620203207,0.7821407514446576
2024-02-23,1.021101800468958,0.7811234393169604
2024-02-26,1.0046660068193267,0.7686454006353375
2024-02-27,1.0056381205120757,0.7694458841927518
2024-02-28,0.9939374917662829,0.7603732421663254
2024-02-29,1.003242558724075,0.7651093127870938
2024-03-01,1.0018033876456842,0.7640058632821609
2024-03-04,0.9909847601192618,0.7557470709578922
2024-03-05,1.0034572288872403,0.76528752805034
2024-03-06,0.9962184578120155,0.759758399508126
2024-03-07,0.9929249849831184,0.7572722965858412
2024-03-08,0.9866868095303631,0.7525005829124236
2024-03-11,0.9908398623464656,0.755632716163976
2024-03-12,1.0035508751817188,0.7653335669933452
2024-03-13,0.9892241046632341,0.7544104564835457
2024-03-14,0.9789982361479899,0.7466179940981046
2024-03-15,0.9790865294504102,0.7466773991858533
2024-03-18,0.985801793037715,0.7517699003331141
2024-03-19,0.97134722545683,0.7407606524460788
2024-03-20,0.9784996442984009,0.7462318610277379
2024-03-21,0.9850783459079557,0.7512664422144435
2024-03-22,0.9722151412390818,0.7414631176087076
2024-03-25,0.9553969740739858,0.7287118155234406
2024-03-26,0.9765756619043329,0.7449041573165535
2024-03-27,0.9698545244578589,0.7397908643885807
2024-03-28,0.9668747210786639,0.7375156495278039
2024-03-29,0.9650896708514157,0.7361626986543264
2024-04-01,0.9772533022946395,0.745444743615067
2024-04-02,0.9736490510722218,0.7426987434338814
2024-04-03,0.964856479776199,0.7359889387726612
2024-04-08,0.9632729317921231,0.7348052923992676
2024-04-09,0.9618225338625053,0.7336944172583661
2024-04-10,0.9549438515903528,0.7284920166987702
2024-04-11,0.9500960576735474,0.7247910797320236
2024-04-12,0.9389769286174162,0.7163303101094094
2024-04-15,0.9480617573949084,0.7233044674111115
2024-04-16,0.9444443382524973,0.7205495564667637
2024-04-17,0.9637091370589742,0.7352344941582523
2024-04-18,0.97226851727978,0.7417705389378074
2024-04-19,0.9701541677469597,0.7401621461870103
2024-04-22,0.9679622308958352,0.7384676160589774
2024-04-23,0.9684983854366376,0.7388789962916374
2024-04-24,0.9699638923550147,0.7400002673228949
2024-04-25,0.9854108115101303,0.7518293054208628
2024-04-26,1.0060479000608096,0.7675048229505617
2024-04-29,1.0176734358944648,0.7763740025514485
2024-04-30,1.019699326968507,0.7628949881412594
2024-05-06,1.0340211300628654,0.7738492863221271
2024-05-07,1.0318146625151128,0.772373069891571
2024-05-08,1.0189679236718014,0.7631207274747046
2024-05-09,1.0265501874780436,0.7688340117889396
2024-05-10,1.043350483089631,0.7819862982165108
2024-05-13,1.046528627223806,0.7848615044635499
2024-05-14,1.0374077006358666,0.7773229988282347
2024-05-15,1.0265431270616017,0.7693998452497466
2024-05-16,1.0478499803634445,0.7866525678591743
2024-05-17,1.0674362584948722,0.8011459241426733
2024-05-20,1.061617095308622,0.7960474824866377
2024-05-21,1.0580803914179984,0.7933445509940699
2024-05-22,1.0565681749066154,0.7918623940547389
2024-05-23,1.0369925349854157,0.7774848776923501
2024-05-24,1.0175952974389426,0.762681129825364
2024-05-27,1.0276366001287478,0.7703622076712762
2024-05-28,1.0198212186203612,0.7643875409709465
2024-05-29,1.016028297820347,0.7611900621228705
2024-05-30,1.0100395476828083,0.7566322067653485
2024-05-31,1.0103646007525011,0.7566827010899349
2024-06-03,1.0038334879032111,0.7520401934823708
2024-06-04,1.0134791463560258,0.7594346417798953
2024-06-05,1.0035702783571727,0.7514327764601401
2024-06-06,1.0026128177747649,0.750831299946684
2024-06-07,0.9999522773092291,0.7490565729501903
2024-06-11,0.9882186007263183,0.7396393814148213
2024-06-12,0.9822192123785516,0.7349656861361892
2024-06-13,0.9771261470795609,0.7308875268622382
2024-06-14,1.0025121347635726,0.7502491300867463
2024-06-17,1.0018143059334172,0.7495733972136045
2024-06-18,1.0026004245575408,0.7500352717708509
2024-06-19,1.006094738558176,0.7535253206760895
2024-06-20,1.0002967840125878,0.7493372619898031
2024-06-21,0.9963237058308514,0.7458858263916014
2024-06-24,1.00223298159786,0.7507718948589353
2024-06-25,0.9994028541810358,0.7495377541609551
2024-06-26,1.0016075667217923,0.7503337823367882
2024-06-27,1.00504716539501,0.7531362173513352
2024-06-28,0.9999999999999991,0.7496313171741594
