date,600030,600036
2021-06-30 00:00:00,22.0758,45.2585
2021-07-01 00:00:00,21.8368,46.7702
2021-07-02 00:00:00,20.934,44.3064
2021-07-05 00:00:00,20.8277,44.2145
2021-07-06 00:00:00,20.9605,44.7156
2021-07-07 00:00:00,20.9251,44.6237
2021-07-08 00:00:00,20.8897,42.0514
2021-07-09 00:00:00,20.81,41.6755
2021-07-12 00:00:00,21.1464,42.0931
2021-07-13 00:00:00,20.9959,42.798
2021-07-14 00:00:00,20.6419,41.9244
2021-07-15 00:00:00,20.9517,43.723
2021-07-16 00:00:00,21.0933,43.6802
2021-07-19 00:00:00,21.0667,43.5346
2021-07-20 00:00:00,20.8985,42.7466
2021-07-21 00:00:00,21.0844,42.5668
2021-07-22 00:00:00,21.3588,43.0378
2021-07-23 00:00:00,21.4562,42.8665
2021-07-26 00:00:00,20.8012,40.8538
2021-07-27 00:00:00,20.2789,39.5434
2021-07-28 00:00:00,20.2435,40.6568
2021-07-29 00:00:00,20.3763,41.0679
2021-07-30 00:00:00,19.9957,39.8261
2021-08-02 00:00:00,20.5976,40.8624
2021-08-03 00:00:00,20.6507,40.7596
2021-08-04 00:00:00,20.5887,40.2543
2021-08-05 00:00:00,20.2435,40.0402
2021-08-06 00:00:00,20.4294,40.7596
2021-08-09 00:00:00,20.8189,42.0186
2021-08-10 00:00:00,21.0402,43.0036
2021-08-11 00:00:00,20.9782,43.5945
2021-08-12 00:00:00,21.0136,43.4061
2021-08-13 00:00:00,21.3323,43.8344
2021-08-16 00:00:00,21.2526,43.5688
2021-08-17 00:00:00,21.1641,42.4983
2021-08-18 00:00:00,22.3502,45.513
2021-08-19 00:00:00,21.8103,44.1769
2021-08-20 00:00:00,21.8103,43.7059
2021-08-23 00:00:00,21.9812,44.4425
2021-08-24 00:00:00,22.62,44.708
2021-08-25 00:00:00,22.4221,44.0485
2021-08-26 00:00:00,22.1162,42.4811
2021-08-27 00:00:00,22.2511,43.1235
2021-08-30 00:00:00,21.9002,41.4962
2021-08-31 00:00:00,23.1059,41.933
2021-09-01 00:00:00,24.1946,43.5003
2021-09-02 00:00:00,24.3746,44.1941
2021-09-03 00:00:00,23.9247,44.5367
2021-09-06 00:00:00,24.1317,43.8515
2021-09-07 00:00:00,24.4286,45.2304
2021-09-08 00:00:00,24.2036,44.8878
2021-09-09 00:00:00,24.0507,44.6223
2021-09-10 00:00:00,24.5365,46.3524
2021-09-13 00:00:00,24.4646,46.1811
2021-09-14 00:00:00,23.8257,44.6223
2021-09-15 00:00:00,23.6098,44.0228
2021-09-16 00:00:00,22.926,43.4232
2021-09-17 00:00:00,23.3489,43.8943
2021-09-22 00:00:00,23.1149,42.3184
2021-09-23 00:00:00,23.5738,41.8302
2021-09-24 00:00:00,23.4298,41.7703
2021-09-27 00:00:00,23.0789,42.0443
2021-09-28 00:00:00,23.2679,43.1834
2021-09-29 00:00:00,23.0429,44.1598
2021-09-30 00:00:00,22.746,43.2091
2021-10-08 00:00:00,23.1689,43.6202
2021-10-11 00:00:00,23.0879,45.3931
2021-10-12 00:00:00,22.3681,45.4702
2021-10-13 00:00:00,22.2332,45.4188
2021-10-14 00:00:00,22.2781,44.845
2021-10-15 00:00:00,22.4581,45.6586
2021-10-18 00:00:00,22.4761,44.4168
2021-10-19 00:00:00,22.5391,45.2904
2021-10-20 00:00:00,22.4941,44.8793
2021-10-21 00:00:00,22.638,46.0355
2021-10-22 00:00:00,22.908,46.498
2021-10-25 00:00:00,23.0789,46.7549
2021-10-26 00:00:00,22.728,47.363
2021-10-27 00:00:00,22.1972,46.695
2021-10-28 00:00:00,22.2691,46.438
2021-10-29 00:00:00,23.2859,46.2239
2021-11-01 00:00:00,23.3759,46.3524
2021-11-02 00:00:00,22.971,44.7508
2021-11-03 00:00:00,22.845,44.2797
2021-11-04 00:00:00,22.89,44.3225
2021-11-05 00:00:00,22.818,44.1598
2021-11-08 00:00:00,22.908,43.9371
2021-11-09 00:00:00,23.0159,43.7316
2021-11-10 00:00:00,22.5031,43.3633
2021-11-11 00:00:00,23.1689,45.239
2021-11-12 00:00:00,22.8,44.8793
2021-11-15 00:00:00,22.692,45.3332
2021-11-16 00:00:00,21.6033,44.9649
2021-11-17 00:00:00,21.6303,44.3996
2021-11-18 00:00:00,21.6663,44.0313
2021-11-19 00:00:00,21.8642,44.8193
2021-11-22 00:00:00,21.8553,44.2712
2021-11-23 00:00:00,21.7833,44.3225
2021-11-24 00:00:00,21.7653,44.314
2021-11-25 00:00:00,21.6753,44.0399
2021-11-26 00:00:00,21.5223,42.9094
2021-11-29 00:00:00,21.4144,42.6696
2021-11-30 00:00:00,21.3874,42.3869
2021-12-01 00:00:00,21.8013,42.8152
2021-12-02 00:00:00,21.9542,43.586
2021-12-03 00:00:00,22.2961,43.8943
2021-12-06 00:00:00,23.3129,44.3825
2021-12-07 00:00:00,23.5288,44.3996
2021-12-08 00:00:00,23.8347,44.5709
2021-12-09 00:00:00,24.1856,45.5045
2021-12-10 00:00:00,23.7897,45.8128
2021-12-13 00:00:00,23.9967,44.8964
2021-12-14 00:00:00,23.6818,43.8087
2021-12-15 00:00:00,23.7538,43.6802
2021-12-16 00:00:00,23.9787,43.8515
2021-12-17 00:00:00,23.6548,43.4832
2021-12-20 00:00:00,23.2859,43.4147
2021-12-21 00:00:00,23.4928,43.3633
2021-12-22 00:00:00,23.2859,42.8323
2021-12-23 00:00:00,23.3309,43.0121
2021-12-24 00:00:00,23.1149,42.7038
2021-12-27 00:00:00,23.3938,42.2499
2021-12-28 00:00:00,23.4388,42.5068
2021-12-29 00:00:00,23.2859,40.7853
2021-12-30 00:00:00,23.7268,41.539
2021-12-31 00:00:00,23.7627,41.7189
2022-01-04 00:00:00,23.7897,41.4105
2022-01-05 00:00:00,23.3399,42.0101
2022-01-06 00:00:00,22.872,41.2392
2022-01-07 00:00:00,23.1419,42.0101
2022-01-10 00:00:00,23.2409,42.1642
2022-01-11 00:00:00,23.3579,42.6952
2022-01-12 00:00:00,23.5468,42.6182
2022-01-13 00:00:00,23.7178,42.2584
2022-01-14 00:00:00,22.5211,41.1279
2022-01-17 00:00:00,23.0969,41.6075
2022-01-18 00:00:00,23.1239,41.9758
2022-01-19 00:00:00,,42.5668
2022-01-20 00:00:00,,43.9971
2022-01-21 00:00:00,,44.3825
2022-01-24 00:00:00,,44.4082
2022-01-25 00:00:00,,43.5945
2022-01-26 00:00:00,,43.6802
2022-01-27 00:00:00,23.0131,43.4832
2022-01-28 00:00:00,23.4419,42.1471
2022-02-07 00:00:00,24.0899,43.98
2022-02-08 00:00:00,24.1756,44.2883
2022-02-09 00:00:00,24.1184,44.2112
2022-02-10 00:00:00,24.1375,44.2883
2022-02-11 00:00:00,24.4806,45.1876
2022-02-14 00:00:00,23.6325,43.8515
2022-02-15 00:00:00,23.5276,43.0121
2022-02-16 00:00:00,23.3847,43.7401
2022-02-17 00:00:00,23.1655,44.0742
2022-02-18 00:00:00,23.48,44.5881
2022-02-21 00:00:00,23.3656,44.3311
2022-02-22 00:00:00,22.8987,43.8686
2022-02-23 00:00:00,23.1084,43.5346
2022-02-24 00:00:00,22.3555,42.8408
2022-02-25 00:00:00,22.2221,42.661
2022-02-28 00:00:00,22.2317,42.6524
2022-03-01 00:00:00,22.2698,43.0293
2022-03-02 00:00:00,21.9744,42.3698
2022-03-03 00:00:00,22.1078,42.5925
2022-03-04 00:00:00,21.6599,41.7103
2022-03-07 00:00:00,20.7165,40.0487
2022-03-08 00:00:00,20.1066,38.9525
2022-03-09 00:00:00,19.7827,38.0189
2022-03-10 00:00:00,19.6874,38.2844
2022-03-11 00:00:00,19.9161,38.0703
2022-03-14 00:00:00,19.554,36.1004
2022-03-15 00:00:00,18.6868,33.7879
2022-03-16 00:00:00,19.8494,36.4687
2022-03-17 00:00:00,19.7445,38.1217
2022-03-18 00:00:00,20.4402,39.5434
2022-03-21 00:00:00,19.8303,38.3786
2022-03-22 00:00:00,19.8684,38.9953
2022-03-23 00:00:00,19.8589,39.1923
2022-03-24 00:00:00,19.7064,39.2008
2022-03-25 00:00:00,19.411,38.6955
2022-03-28 00:00:00,19.4968,38.5842
2022-03-29 00:00:00,19.2967,38.5499
2022-03-30 00:00:00,20.0781,39.5948
2022-03-31 00:00:00,19.9161,40.083
2022-04-01 00:00:00,20.1257,40.3399
2022-04-06 00:00:00,20.1257,40.5883
2022-04-07 00:00:00,19.7064,40.1344
2022-04-08 00:00:00,20.0876,40.4085
2022-04-11 00:00:00,19.5063,39.3122
2022-04-12 00:00:00,20.1066,39.1409
2022-04-13 00:00:00,19.7255,39.1837
2022-04-14 00:00:00,19.9828,39.1923
2022-04-15 00:00:00,19.897,40.1087
2022-04-18 00:00:00,19.3348,37.1624
2022-04-19 00:00:00,19.2681,36.0576
2022-04-20 00:00:00,18.9727,35.2011
2022-04-21 00:00:00,18.906,35.3553
2022-04-22 00:00:00,18.9441,36.4002
2022-04-25 00:00:00,18.3247,33.2569
2022-04-26 00:00:00,17.4671,32.8972
2022-04-27 00:00:00,17.9245,32.5803
2022-04-28 00:00:00,17.8863,33.9335
2022-04-29 00:00:00,18.763,34.199
2022-05-05 00:00:00,18.4676,33.6252
2022-05-06 00:00:00,17.9149,32.4689
2022-05-09 00:00:00,17.8482,31.2356
2022-05-10 00:00:00,18.115,31.6724
2022-05-11 00:00:00,18.2294,31.8694
2022-05-12 00:00:00,18.1913,31.3555
2022-05-13 00:00:00,18.3819,31.818
2022-05-16 00:00:00,18.1722,31.5953
2022-05-17 00:00:00,18.4104,33.0599
2022-05-18 00:00:00,18.601,32.9743
2022-05-19 00:00:00,18.4581,32.5717
2022-05-20 00:00:00,18.8202,34.2247
2022-05-23 00:00:00,18.7726,33.8222
2022-05-24 00:00:00,18.3342,33.3169
2022-05-25 00:00:00,18.4009,33.2141
2022-05-26 00:00:00,18.6963,32.9143
2022-05-27 00:00:00,18.6868,33.5053
2022-05-30 00:00:00,18.582,33.4625
2022-05-31 00:00:00,18.8583,33.9935
2022-06-01 00:00:00,18.6868,33.9935
2022-06-02 00:00:00,18.7535,33.334
2022-06-06 00:00:00,19.0203,33.3768
2022-06-07 00:00:00,19.1633,33.7023
2022-06-08 00:00:00,19.4015,33.8564
2022-06-09 00:00:00,19.2776,34.5074
2022-06-10 00:00:00,19.8112,34.3618
2022-06-13 00:00:00,19.3157,33.0342
2022-06-14 00:00:00,20.1162,33.6081
2022-06-15 00:00:00,20.8404,34.6701
2022-06-16 00:00:00,19.8398,34.2247
2022-06-17 00:00:00,19.8398,34.1305
2022-06-20 00:00:00,19.7445,34.002
2022-06-21 00:00:00,20.0209,34.5416
2022-06-22 00:00:00,19.7827,33.668
2022-06-23 00:00:00,20.7451,34.3789
2022-06-24 00:00:00,20.6117,34.4303
2022-06-27 00:00:00,20.7737,35.3296
2022-06-28 00:00:00,20.726,35.3553
2022-06-29 00:00:00,20.4021,35.124
2022-06-30 00:00:00,20.6403,36.1432
2022-07-01 00:00:00,20.3353,35.4409
2022-07-04 00:00:00,20.4306,35.1583
2022-07-05 00:00:00,20.1638,35.0983
2022-07-06 00:00:00,19.9351,34.0877
2022-07-07 00:00:00,19.9065,34.0449
2022-07-08 00:00:00,19.6969,34.0962
2022-07-11 00:00:00,19.249,33.7793
2022-07-12 00:00:00,19.2681,33.6594
2022-07-13 00:00:00,19.2681,32.4604
2022-07-14 00:00:00,19.0775,31.2442
2022-07-15 00:00:00,18.6487,31.1656
2022-07-18 00:00:00,18.9346,31.8448
2022-07-19 00:00:00,19.0203,31.9163
2022-07-20 00:00:00,19.0394,32.0415
2022-07-21 00:00:00,18.8393,31.6929
2022-07-22 00:00:00,18.9441,31.8091
2022-07-25 00:00:00,18.7344,32.0415
2022-07-26 00:00:00,18.8964,32.4705
2022-07-27 00:00:00,18.8774,32.2202
2022-07-28 00:00:00,18.9346,31.9789
2022-07-29 00:00:00,18.6773,31.3443
2022-08-01 00:00:00,18.4295,30.8527
2022-08-02 00:00:00,17.9149,30.3076
2022-08-03 00:00:00,17.8673,29.5479
2022-08-04 00:00:00,17.953,30.0841
2022-08-05 00:00:00,18.3914,30.6561
2022-08-08 00:00:00,18.5153,30.3076
2022-08-09 00:00:00,18.4676,30.0305
2022-08-10 00:00:00,18.5629,29.6283
2022-08-11 00:00:00,19.2204,30.7097
2022-08-12 00:00:00,19.1156,30.7187
2022-08-15 00:00:00,19.0108,30.1467
2022-08-16 00:00:00,19.0013,30.3076
2022-08-17 00:00:00,19.249,30.6025
2022-08-18 00:00:00,19.0775,30.1377
2022-08-19 00:00:00,19.0394,30.2539
2022-08-22 00:00:00,19.0108,30.0484
2022-08-23 00:00:00,18.9631,29.5836
2022-08-24 00:00:00,18.6201,29.3512
2022-08-25 00:00:00,19.1728,30.1109
2022-08-26 00:00:00,18.9965,30.1199
2022-08-29 00:00:00,18.9671,29.7445
2022-08-30 00:00:00,18.8496,30.2003
2022-08-31 00:00:00,19.114,31.3264
2022-09-01 00:00:00,18.8986,30.8349
2022-09-02 00:00:00,18.8398,30.674
2022-09-05 00:00:00,18.8692,30.5936
2022-09-06 00:00:00,19.0748,30.0484
2022-09-07 00:00:00,18.9671,29.8339
2022-09-08 00:00:00,18.9084,29.7624
2022-09-09 00:00:00,19.3686,30.8349
2022-09-13 00:00:00,19.4176,31.5946
2022-09-14 00:00:00,19.1728,31.1566
2022-09-15 00:00:00,19.1238,32.1845
2022-09-16 00:00:00,18.0369,31.2371
2022-09-19 00:00:00,18.0369,31.3622
2022-09-20 00:00:00,18.0369,30.8706
2022-09-21 00:00:00,18.0467,30.7544
2022-09-22 00:00:00,18.0075,30.5399
2022-09-23 00:00:00,17.9781,30.7097
2022-09-26 00:00:00,17.6452,30.3433
2022-09-27 00:00:00,17.6942,30.2986
2022-09-28 00:00:00,17.3515,30.093
2022-09-29 00:00:00,17.0381,29.6283
2022-09-30 00:00:00,17.0577,30.0752
2022-10-10 00:00:00,16.9696,28.4217
2022-10-11 00:00:00,17.0283,28.0642
2022-10-12 00:00:00,17.42,27.662
2022-10-13 00:00:00,17.3417,26.7146
2022-10-14 00:00:00,17.6942,27.7782
2022-10-17 00:00:00,17.8019,27.7246
2022-10-18 00:00:00,17.7921,27.5279
2022-10-19 00:00:00,17.7236,27.0453
2022-10-20 00:00:00,17.7236,26.8755
2022-10-21 00:00:00,17.8215,26.4376
2022-10-24 00:00:00,17.3906,25.0433
2022-10-25 00:00:00,17.1654,25.1952
2022-10-26 00:00:00,17.1654,24.9628
2022-10-27 00:00:00,17.234,24.9718
2022-10-28 00:00:00,16.8619,24.2925
2022-10-31 00:00:00,16.8521,23.9708
2022-11-01 00:00:00,17.5277,25.1952
2022-11-02 00:00:00,17.5375,25.4008
2022-11-03 00:00:00,17.3612,25.0701
2022-11-04 00:00:00,17.8704,25.9907
2022-11-07 00:00:00,17.89,26.0622
2022-11-08 00:00:00,17.8998,26.0532
2022-11-09 00:00:00,17.8704,26.08
2022-11-10 00:00:00,18.0467,26.089
2022-11-11 00:00:00,18.5657,27.9212
2022-11-14 00:00:00,18.8007,29.6194
2022-11-15 00:00:00,19.3882,29.7445
2022-11-16 00:00:00,19.0259,29.8339
2022-11-17 00:00:00,19.0553,28.8775
2022-11-18 00:00:00,18.7517,28.663
2022-11-21 00:00:00,18.458,28.4843
2022-11-22 00:00:00,18.7615,29.0027
2022-11-23 00:00:00,18.8203,28.7971
2022-11-24 00:00:00,18.7028,28.7971
2022-11-25 00:00:00,18.9476,29.5121
2022-11-28 00:00:00,18.6146,28.5647
2022-11-29 00:00:00,19.3294,31.1566
2022-11-30 00:00:00,19.4078,31.246
2022-12-01 00:00:00,19.5547,31.2818
2022-12-02 00:00:00,19.4176,30.7366
2022-12-05 00:00:00,20.3968,32.2649
2022-12-06 00:00:00,20.4653,32.0415
2022-12-07 00:00:00,20.1618,31.5678
2022-12-08 00:00:00,20.0834,31.6839
2022-12-09 00:00:00,20.2107,32.8458
2022-12-12 00:00:00,19.819,31.9878
2022-12-13 00:00:00,19.8778,32.3006
2022-12-14 00:00:00,20.1128,32.9888
2022-12-15 00:00:00,19.8484,32.4705
2022-12-16 00:00:00,19.9855,33.1497
2022-12-19 00:00:00,19.5449,32.6224
2022-12-20 00:00:00,19.3001,31.9253
2022-12-21 00:00:00,19.3294,32.1308
2022-12-22 00:00:00,19.4567,32.6224
2022-12-23 00:00:00,19.3784,32.5062
2022-12-26 00:00:00,19.2609,32.1308
2022-12-27 00:00:00,19.7211,32.7743
2022-12-28 00:00:00,19.633,33.3642
2022-12-29 00:00:00,19.3686,33.2749
2022-12-30 00:00:00,19.4959,33.3017
2023-01-03 00:00:00,19.4861,33.5877
2023-01-04 00:00:00,19.7309,34.544
2023-01-05 00:00:00,20.0149,34.4099
2023-01-06 00:00:00,19.9855,34.3027
2023-01-09 00:00:00,20.2205,34.6781
2023-01-10 00:00:00,20.0149,34.1865
2023-01-11 00:00:00,19.917,34.7853
2023-01-12 00:00:00,20.0345,34.9015
2023-01-13 00:00:00,20.3184,35.4467
2023-01-16 00:00:00,21.092,36.1706
2023-01-17 00:00:00,21.1801,36.3583
2023-01-18 00:00:00,20.9353,36.0902
2023-01-19 00:00:00,21.1703,36.3315
2023-01-20 00:00:00,21.2193,36.689
2023-01-30 00:00:00,21.1605,37.5649
2023-01-31 00:00:00,20.9647,36.832
2023-02-01 00:00:00,21.6306,36.2332
2023-02-02 00:00:00,20.9843,35.7774
2023-02-03 00:00:00,20.9157,35.1249
2023-02-06 00:00:00,20.4164,34.2759
2023-02-07 00:00:00,20.4653,34.3295
2023-02-08 00:00:00,20.4359,34.401
2023-02-09 00:00:00,20.7297,34.401
2023-02-10 00:00:00,20.5241,34.1061
2023-02-13 00:00:00,20.4947,33.7128
2023-02-14 00:00:00,20.4849,33.963
2023-02-15 00:00:00,20.3184,33.2212
2023-02-16 00:00:00,20.1422,33.3106
2023-02-17 00:00:00,19.819,32.8101
2023-02-20 00:00:00,20.6024,34.401
2023-02-21 00:00:00,20.6514,34.5797
2023-02-22 00:00:00,20.3674,34.1061
2023-02-23 00:00:00,20.5926,34.2044
2023-02-24 00:00:00,20.1618,33.4804
2023-02-27 00:00:00,20.0149,33.2123
2023-02-28 00:00:00,20.2205,33.3464
2023-03-01 00:00:00,20.4653,34.1865
2023-03-02 00:00:00,20.4457,34.1865
2023-03-03 00:00:00,20.7297,34.1865
2023-03-06 00:00:00,20.2597,33.0693
2023-03-07 00:00:00,20.0834,32.676
2023-03-08 00:00:00,19.9365,32.1755
2023-03-09 00:00:00,19.8582,31.8001
2023-03-10 00:00:00,19.5742,31.3086
2023-03-13 00:00:00,19.7113,31.3264
2023-03-14 00:00:00,19.4469,30.9064
2023-03-15 00:00:00,19.633,31.1745
2023-03-16 00:00:00,19.4959,30.9689
2023-03-17 00:00:00,19.7407,30.7097
2023-03-20 00:00:00,19.633,30.4952
2023-03-21 00:00:00,19.7897,30.5936
2023-03-22 00:00:00,19.8778,30.8706
2023-03-23 00:00:00,20.0638,31.4605
2023-03-24 00:00:00,20.0932,30.7723
2023-03-27 00:00:00,19.9757,30.5757
2023-03-28 00:00:00,19.9659,30.7455
2023-03-29 00:00:00,19.7897,30.4952
2023-03-30 00:00:00,20.0541,30.7008
2023-03-31 00:00:00,20.0541,30.6293
2023-04-03 00:00:00,20.5632,30.7187
2023-04-04 00:00:00,20.6318,30.6382
2023-04-06 00:00:00,20.4555,30.2092
2023-04-07 00:00:00,20.7297,30.5131
2023-04-10 00:00:00,20.6807,30.6025
2023-04-11 00:00:00,20.8962,30.1467
2023-04-12 00:00:00,20.8962,30.1556
2023-04-13 00:00:00,20.5045,30.3969
2023-04-14 00:00:00,20.5143,30.7366
2023-04-17 00:00:00,21.327,31.4605
2023-04-18 00:00:00,21.2781,31.8895
2023-04-19 00:00:00,21.0333,31.7286
2023-04-20 00:00:00,21.1018,31.2728
2023-04-21 00:00:00,20.3772,30.8349
2023-04-24 00:00:00,20.1911,30.0305
2023-04-25 00:00:00,20.2891,30.4148
2023-04-26 00:00:00,20.2009,30.2271
2023-04-27 00:00:00,20.5926,29.1635
2023-04-28 00:00:00,20.5828,30.0305
2023-05-04 00:00:00,20.8276,30.5042
2023-05-05 00:00:00,21.4739,31.0047
2023-05-08 00:00:00,22.2181,31.818
2023-05-09 00:00:00,22.267,31.2728
2023-05-10 00:00:00,21.4347,30.7455
2023-05-11 00:00:00,21.3466,30.7902
2023-05-12 00:00:00,21.0528,30.4237
2023-05-15 00:00:00,21.3662,31.0136
2023-05-16 00:00:00,21.3466,31.1209
2023-05-17 00:00:00,21.2095,30.8349
2023-05-18 00:00:00,21.2193,30.7902
2023-05-19 00:00:00,20.8472,30.3433
2023-05-22 00:00:00,20.857,30.5667
2023-05-23 00:00:00,20.4164,30.0305
2023-05-24 00:00:00,19.8582,29.4317
2023-05-25 00:00:00,19.8974,28.9758
2023-05-26 00:00:00,19.9463,29.2618
2023-05-29 00:00:00,19.9268,29.2172
2023-05-30 00:00:00,19.9365,29.1725
2023-05-31 00:00:00,19.633,28.8686
2023-06-01 00:00:00,19.682,28.6541
2023-06-02 00:00:00,19.7701,29.5568
2023-06-05 00:00:00,19.584,29.53
2023-06-06 00:00:00,19.4176,29.5568
2023-06-07 00:00:00,19.4567,29.7624
2023-06-08 00:00:00,19.7799,30.4595
2023-06-09 00:00:00,19.7603,30.1556
2023-06-12 00:00:00,19.4372,30.1467
2023-06-13 00:00:00,19.5645,30.1467
2023-06-14 00:00:00,19.584,29.8428
2023-06-15 00:00:00,19.8778,30.1377
2023-06-16 00:00:00,19.9659,30.3254
2023-06-19 00:00:00,19.7309,30.0126
2023-06-20 00:00:00,19.6428,29.664
2023-06-21 00:00:00,19.4372,29.6462
2023-06-26 00:00:00,18.8888,29.1457
2023-06-27 00:00:00,19.0846,29.3333
2023-06-28 00:00:00,19.0944,29.5389
2023-06-29 00:00:00,19.0357,29.2082
2023-06-30 00:00:00,19.3686,29.2797
2023-07-03 00:00:00,19.819,30.1377
2023-07-04 00:00:00,19.8582,29.95
2023-07-05 00:00:00,19.7309,29.521
2023-07-06 00:00:00,19.633,29.1188
2023-07-07 00:00:00,19.7113,28.8775
2023-07-10 00:00:00,19.7015,29.0027
2023-07-11 00:00:00,19.819,29.235
2023-07-12 00:00:00,19.6624,29.673
2023-07-13 00:00:00,20.0443,30.0389
2023-07-14 00:00:00,20.0736,30.1144
2023-07-17 00:00:00,19.8582,29.8503
2023-07-18 00:00:00,19.868,29.6711
2023-07-19 00:00:00,19.9855,29.7843
2023-07-20 00:00:00,19.8778,29.888
2023-07-21 00:00:00,19.9365,29.9918
2023-07-24 00:00:00,19.9659,29.6617
2023-07-25 00:00:00,21.1312,31.3782
2023-07-26 00:00:00,21.327,31.4536
2023-07-27 00:00:00,21.0724,31.746
2023-07-28 00:00:00,23.1777,33.1041
2023-07-31 00:00:00,23.5988,33.538
2023-08-01 00:00:00,23.1777,33.0004
2023-08-02 00:00:00,23.354,32.095
2023-08-03 00:00:00,23.9219,32.708
2023-08-04 00:00:00,24.1863,32.8966
2023-08-07 00:00:00,24.2548,32.5382
2023-08-08 00:00:00,24.3821,32.2081
2023-08-09 00:00:00,24.3919,32.0855
2023-08-10 00:00:00,24.6759,32.1987
2023-08-11 00:00:00,23.5988,31.265
2023-08-14 00:00:00,23.256,30.6142
2023-08-15 00:00:00,23.6086,30.5199
2023-08-16 00:00:00,23.5106,30.1521
2023-08-17 00:00:00,23.4519,29.9823
2023-08-18 00:00:00,23.4715,30.0672
2023-08-21 00:00:00,22.4629,29.3599
2023-08-22 00:00:00,22.7371,29.5391
2023-08-23 00:00:00,22.3258,29.0958
2023-08-24 00:00:00,23.07,29.2938
2023-08-25 00:00:00,23.43,29.7654
2023-08-28 00:00:00,23.79,30.4256
2023-08-29 00:00:00,23.38,30.2181
2023-08-30 00:00:00,22.56,29.8597
2023-08-31 00:00:00,22.2,29.756
2023-09-01 00:00:00,22.38,30.435
2023-09-04 00:00:00,22.57,31.6234
2023-09-05 00:00:00,22.38,31.2273
2023-09-06 00:00:00,22.13,31.4631
2023-09-07 00:00:00,22.12,31.2556
2023-09-08 00:00:00,22.25,31.2839
2023-09-11 00:00:00,22.6,31.0386
2023-09-12 00:00:00,22.39,31.0103
2023-09-13 00:00:00,22.28,30.8877
2023-09-14 00:00:00,22.29,31.1895
2023-09-15 00:00:00,22.05,31.0858
2023-09-18 00:00:00,22.14,31.1424
2023-09-19 00:00:00,22.02,31.0858
2023-09-20 00:00:00,21.9,30.8689
2023-09-21 00:00:00,21.73,30.5293
2023-09-22 00:00:00,22.61,31.4442
2023-09-25 00:00:00,21.9,31.1235
2023-09-26 00:00:00,21.98,30.9349
2023-09-27 00:00:00,22.03,30.9538
2023-09-28 00:00:00,21.66,31.0952
2023-10-09 00:00:00,21.68,30.7274
2023-10-10 00:00:00,21.43,30.7368
2023-10-11 00:00:00,21.51,30.6048
2023-10-12 00:00:00,21.76,31.1895
2023-10-13 00:00:00,21.52,30.7557
2023-10-16 00:00:00,21.51,30.4728
2023-10-17 00:00:00,21.95,30.6708
2023-10-18 00:00:00,21.86,30.6425
2023-10-19 00:00:00,21.56,29.7748
2023-10-20 00:00:00,21.53,29.8503
2023-10-23 00:00:00,21.18,29.4542
2023-10-24 00:00:00,21.62,29.5202
2023-10-25 00:00:00,21.84,29.6334
2023-10-26 00:00:00,21.8,29.7088
2023-10-27 00:00:00,22.03,29.7371
2023-10-30 00:00:00,21.6,29.1429
2023-10-31 00:00:00,21.71,29.0109
2023-11-01 00:00:00,21.73,28.7185
2023-11-02 00:00:00,21.53,28.9354
2023-11-03 00:00:00,21.86,29.2278
2023-11-06 00:00:00,22.83,29.3693
2023-11-07 00:00:00,22.79,29.0486
2023-11-08 00:00:00,22.58,28.86
2023-11-09 00:00:00,22.46,28.9166
2023-11-10 00:00:00,22.46,28.445
2023-11-13 00:00:00,22.29,28.1243
2023-11-14 00:00:00,22.62,28.4827
2023-11-15 00:00:00,22.6,28.8977
2023-11-16 00:00:00,22.43,28.8034
2023-11-17 00:00:00,22.52,28.6053
2023-11-20 00:00:00,22.35,28.8411
2023-11-21 00:00:00,22.44,28.6997
2023-11-22 00:00:00,22.21,28.445
2023-11-23 00:00:00,22.24,28.4261
2023-11-24 00:00:00,22.05,28.2941
2023-11-27 00:00:00,21.69,27.7282
2023-11-28 00:00:00,21.61,27.5019
2023-11-29 00:00:00,21.4,27.1623
2023-11-30 00:00:00,21.45,27.1529
2023-12-01 00:00:00,21.56,26.6531
2023-12-04 00:00:00,21.41,26.4833
2023-12-05 00:00:00,21.13,25.9457
2023-12-06 00:00:00,20.95,26.1815
2023-12-07 00:00:00,21.03,26.2286
2023-12-08 00:00:00,20.95,25.9363
2023-12-11 00:00:00,21.21,26.1815
2023-12-12 00:00:00,21.13,26.455
2023-12-13 00:00:00,20.71,25.6722
2023-12-14 00:00:00,20.5,25.493
2023-12-15 00:00:00,20.46,25.6816
2023-12-18 00:00:00,20.44,25.7288
2023-12-19 00:00:00,20.64,25.7382
2023-12-20 00:00:00,20.16,25.5213
2023-12-21 00:00:00,20.27,26.1343
2023-12-22 00:00:00,20.28,26.04
2023-12-25 00:00:00,20.01,25.9646
2023-12-26 00:00:00,19.85,25.7193
2023-12-27 00:00:00,19.9,25.7476
2023-12-28 00:00:00,20.37,26.3984
2023-12-29 00:00:00,20.37,26.2381
2024-01-02 00:00:00,20.07,26.0117
2024-01-03 00:00:00,20.18,26.1909
2024-01-04 00:00:00,20.0,26.2286
2024-01-05 00:00:00,19.79,26.6813
2024-01-08 00:00:00,19.42,26.5304
2024-01-09 00:00:00,19.46,26.5682
2024-01-10 00:00:00,19.46,26.455
2024-01-11 00:00:00,19.6,26.7662
2024-01-12 00:00:00,19.52,26.9171
2024-01-15 00:00:00,19.48,27.1341
2024-01-16 00:00:00,19.58,27.4736
2024-01-17 00:00:00,19.22,27.5302
2024-01-18 00:00:00,19.49,27.898
2024-01-19 00:00:00,19.47,28.0395
2024-01-22 00:00:00,19.13,28.5299
2024-01-23 00:00:00,19.78,28.2847
2024-01-24 00:00:00,20.52,28.379
2024-01-25 00:00:00,20.56,29.1429
2024-01-26 00:00:00,20.83,29.3504
2024-01-29 00:00:00,20.58,29.5673
2024-01-30 00:00:00,20.44,29.2372
2024-01-31 00:00:00,20.5,28.9637
2024-02-01 00:00:00,20.44,28.6902
2024-02-02 00:00:00,20.18,28.511
2024-02-05 00:00:00,20.18,28.9637
2024-02-06 00:00:00,21.14,29.5485
2024-02-07 00:00:00,21.18,29.5296
2024-02-08 00:00:00,21.25,29.6145
2024-02-19 00:00:00,20.85,29.822
2024-02-20 00:00:00,20.99,29.6145
2024-02-21 00:00:00,21.38,31.1235
2024-02-22 00:00:00,21.73,30.9349
2024-02-23 00:00:00,21.52,31.0764
2024-02-26 00:00:00,21.34,30.4162
2024-02-27 00:00:00,21.46,30.3501
2024-02-28 00:00:00,21.0,30.1992
2024-02-29 00:00:00,21.3,30.2181
2024-03-01 00:00:00,21.32,30.1238
2024-03-04 00:00:00,21.16,29.7277
2024-03-05 00:00:00,21.18,30.3501
2024-03-06 00:00:00,21.1,30.0578
2024-03-07 00:00:00,20.81,30.1804
2024-03-08 00:00:00,20.8,29.8691
2024-03-11 00:00:00,21.19,29.69
2024-03-12 00:00:00,21.4,30.1332
2024-03-13 00:00:00,21.07,29.7277
2024-03-14 00:00:00,20.8,29.473
2024-03-15 00:00:00,20.87,29.407
2024-03-18 00:00:00,21.26,29.3599
2024-03-19 00:00:00,20.83,29.0486
2024-03-20 00:00:00,20.84,29.407
2024-03-21 00:00:00,20.83,29.756
2024-03-22 00:00:00,20.5,29.4259
2024-03-25 00:00:00,19.5,29.5673
2024-03-26 00:00:00,19.6,30.5576
2024-03-27 00:00:00,19.35,30.4633
2024-03-28 00:00:00,19.31,30.3501
2024-03-29 00:00:00,19.2,30.369
2024-04-01 00:00:00,19.41,30.784
2024-04-02 00:00:00,19.31,30.6991
2024-04-03 00:00:00,19.16,30.3973
2024-04-08 00:00:00,18.92,30.5576
2024-04-09 00:00:00,18.93,30.4728
2024-04-10 00:00:00,18.41,30.6425
2024-04-11 00:00:00,18.34,30.4633
2024-04-12 00:00:00,17.94,30.2936
2024-04-15 00:00:00,17.74,30.9632
2024-04-16 00:00:00,17.63,30.8877
2024-04-17 00:00:00,18.1,31.4065
2024-04-18 00:00:00,18.21,31.7366
2024-04-19 00:00:00,18.13,31.7083
2024-04-22 00:00:00,18.28,31.4442
2024-04-23 00:00:00,18.27,31.4819
2024-04-24 00:00:00,18.27,31.5574
2024-04-25 00:00:00,18.18,32.4439
2024-04-26 00:00:00,19.16,32.5194
2024-04-29 00:00:00,19.38,32.8966
2024-04-30 00:00:00,19.01,32.359
2024-05-06 00:00:00,19.21,32.8966
2024-05-07 00:00:00,19.12,32.8872
2024-05-08 00:00:00,18.78,32.6042
2024-05-09 00:00:00,18.91,32.8589
2024-05-10 00:00:00,19.06,33.5945
2024-05-13 00:00:00,18.98,33.8681
2024-05-14 00:00:00,19.01,33.3305
2024-05-15 00:00:00,18.75,33.057
2024-05-16 00:00:00,18.78,34.1887
2024-05-17 00:00:00,19.19,34.7546
2024-05-20 00:00:00,19.29,34.3113
2024-05-21 00:00:00,19.24,34.1793
2024-05-22 00:00:00,19.31,34.0095
2024-05-23 00:00:00,18.87,33.4814
2024-05-24 00:00:00,18.59,32.7646
2024-05-27 00:00:00,18.73,33.1418
2024-05-28 00:00:00,18.62,32.8495
2024-05-29 00:00:00,18.65,32.6042
2024-05-30 00:00:00,18.56,32.3873
2024-05-31 00:00:00,18.62,32.3307
2024-06-03 00:00:00,18.43,32.2081
2024-06-04 00:00:00,18.56,32.576
2024-06-05 00:00:00,18.54,32.0572
2024-06-06 00:00:00,18.49,32.0667
2024-06-07 00:00:00,18.38,32.0572
2024-06-11 00:00:00,18.34,31.4631
2024-06-12 00:00:00,18.28,31.2084
2024-06-13 00:00:00,18.26,30.9538
2024-06-14 00:00:00,18.63,31.8875
2024-06-17 00:00:00,18.66,31.812
2024-06-18 00:00:00,18.71,31.7931
2024-06-19 00:00:00,18.53,32.2081
2024-06-20 00:00:00,18.38,32.0761
2024-06-21 00:00:00,18.44,31.7837
2024-06-24 00:00:00,18.42,32.1327
2024-06-25 00:00:00,18.12,32.3496
2024-06-26 00:00:00,18.4,32.1232
2024-06-27 00:00:00,18.4,32.3119
2024-06-28 00:00:00,18.23,32.2459
