code,date,close
600030,2021-06-30 00:00:00,22.0758
600030,2021-07-01 00:00:00,21.8368
600030,2021-07-02 00:00:00,20.9340
600030,2021-07-05 00:00:00,20.8277
600030,2021-07-06 00:00:00,20.9605
600030,2021-07-07 00:00:00,20.9251
600030,2021-07-08 00:00:00,20.8897
600030,2021-07-09 00:00:00,20.8100
600030,2021-07-12 00:00:00,21.1464
600030,2021-07-13 00:00:00,20.9959
600030,2021-07-14 00:00:00,20.6419
600030,2021-07-15 00:00:00,20.9517
600030,2021-07-16 00:00:00,21.0933
600030,2021-07-19 00:00:00,21.0667
600030,2021-07-20 00:00:00,20.8985
600030,2021-07-21 00:00:00,21.0844
600030,2021-07-22 00:00:00,21.3588
600030,2021-07-23 00:00:00,21.4562
600030,2021-07-26 00:00:00,20.8012
600030,2021-07-27 00:00:00,20.2789
600030,2021-07-28 00:00:00,20.2435
600030,2021-07-29 00:00:00,20.3763
600030,2021-07-30 00:00:00,19.9957
600030,2021-08-02 00:00:00,20.5976
600030,2021-08-03 00:00:00,20.6507
600030,2021-08-04 00:00:00,20.5887
600030,2021-08-05 00:00:00,20.2435
600030,2021-08-06 00:00:00,20.4294
600030,2021-08-09 00:00:00,20.8189
600030,2021-08-10 00:00:00,21.0402
600030,2021-08-11 00:00:00,20.9782
600030,2021-08-12 00:00:00,21.0136
600030,2021-08-13 00:00:00,21.3323
600030,2021-08-16 00:00:00,21.2526
600030,2021-08-17 00:00:00,21.1641
600030,2021-08-18 00:00:00,22.3502
600030,2021-08-19 00:00:00,21.8103
600030,2021-08-20 00:00:00,21.8103
600030,2021-08-23 00:00:00,21.9812
600030,2021-08-24 00:00:00,22.6200
600030,2021-08-25 00:00:00,22.4221
600030,2021-08-26 00:00:00,22.1162
600030,2021-08-27 00:00:00,22.2511
600030,2021-08-30 00:00:00,21.9002
600030,2021-08-31 00:00:00,23.1059
600030,2021-09-01 00:00:00,24.1946
600030,2021-09-02 00:00:00,24.3746
600030,2021-09-03 00:00:00,23.9247
600030,2021-09-06 00:00:00,24.1317
600030,2021-09-07 00:00:00,24.4286
600030,2021-09-08 00:00:00,24.2036
600030,2021-09-09 00:00:00,24.0507
600030,2021-09-10 00:00:00,24.5365
600030,2021-09-13 00:00:00,24.4646
600030,2021-09-14 00:00:00,23.8257
600030,2021-09-15 00:00:00,23.6098
600030,2021-09-16 00:00:00,22.9260
600030,2021-09-17 00:00:00,23.3489
600030,2021-09-22 00:00:00,23.1149
600030,2021-09-23 00:00:00,23.5738
600030,2021-09-24 00:00:00,23.4298
600030,2021-09-27 00:00:00,23.0789
600030,2021-09-28 00:00:00,23.2679
600030,2021-09-29 00:00:00,23.0429
600030,2021-09-30 00:00:00,22.7460
600030,2021-10-08 00:00:00,23.1689
600030,2021-10-11 00:00:00,23.0879
600030,2021-10-12 00:00:00,22.3681
600030,2021-10-13 00:00:00,22.2332
600030,2021-10-14 00:00:00,22.2781
600030,2021-10-15 00:00:00,22.4581
600030,2021-10-18 00:00:00,22.4761
600030,2021-10-19 00:00:00,22.5391
600030,2021-10-20 00:00:00,22.4941
600030,2021-10-21 00:00:00,22.6380
600030,2021-10-22 00:00:00,22.9080
600030,2021-10-25 00:00:00,23.0789
600030,2021-10-26 00:00:00,22.7280
600030,2021-10-27 00:00:00,22.1972
600030,2021-10-28 00:00:00,22.2691
600030,2021-10-29 00:00:00,23.2859
600030,2021-11-01 00:00:00,23.3759
600030,2021-11-02 00:00:00,22.9710
600030,2021-11-03 00:00:00,22.8450
600030,2021-11-04 00:00:00,22.8900
600030,2021-11-05 00:00:00,22.8180
600030,2021-11-08 00:00:00,22.9080
600030,2021-11-09 00:00:00,23.0159
600030,2021-11-10 00:00:00,22.5031
600030,2021-11-11 00:00:00,23.1689
600030,2021-11-12 00:00:00,22.8000
600030,2021-11-15 00:00:00,22.6920
600030,2021-11-16 00:00:00,21.6033
600030,2021-11-17 00:00:00,21.6303
600030,2021-11-18 00:00:00,21.6663
600030,2021-11-19 00:00:00,21.8642
600030,2021-11-22 00:00:00,21.8553
600030,2021-11-23 00:00:00,21.7833
600030,2021-11-24 00:00:00,21.7653
600030,2021-11-25 00:00:00,21.6753
600030,2021-11-26 00:00:00,21.5223
600030,2021-11-29 00:00:00,21.4144
600030,2021-11-30 00:00:00,21.3874
600030,2021-12-01 00:00:00,21.8013
600030,2021-12-02 00:00:00,21.9542
600030,2021-12-03 00:00:00,22.2961
600030,2021-12-06 00:00:00,23.3129
600030,2021-12-07 00:00:00,23.5288
600030,2021-12-08 00:00:00,23.8347
600030,2021-12-09 00:00:00,24.1856
600030,2021-12-10 00:00:00,23.7897
600030,2021-12-13 00:00:00,23.9967
600030,2021-12-14 00:00:00,23.6818
600030,2021-12-15 00:00:00,23.7538
600030,2021-12-16 00:00:00,23.9787
600030,2021-12-17 00:00:00,23.6548
600030,2021-12-20 00:00:00,23.2859
600030,2021-12-21 00:00:00,23.4928
600030,2021-12-22 00:00:00,23.2859
600030,2021-12-23 00:00:00,23.3309
600030,2021-12-24 00:00:00,23.1149
600030,2021-12-27 00:00:00,23.3938
600030,2021-12-28 00:00:00,23.4388
600030,2021-12-29 00:00:00,23.2859
600030,2021-12-30 00:00:00,23.7268
600030,2021-12-31 00:00:00,23.7627
600030,2022-01-04 00:00:00,23.7897
600030,2022-01-05 00:00:00,23.3399
600030,2022-01-06 00:00:00,22.8720
600030,2022-01-07 00:00:00,23.1419
600030,2022-01-10 00:00:00,23.2409
600030,2022-01-11 00:00:00,23.3579
600030,2022-01-12 00:00:00,23.5468
600030,2022-01-13 00:00:00,23.7178
600030,2022-01-14 00:00:00,22.5211
600030,2022-01-17 00:00:00,23.0969
600030,2022-01-18 00:00:00,23.1239
600030,2022-01-27 00:00:00,23.0131
600030,2022-01-28 00:00:00,23.4419
600030,2022-02-07 00:00:00,24.0899
600030,2022-02-08 00:00:00,24.1756
600030,2022-02-09 00:00:00,24.1184
600030,2022-02-10 00:00:00,24.1375
600030,2022-02-11 00:00:00,24.4806
600030,2022-02-14 00:00:00,23.6325
600030,2022-02-15 00:00:00,23.5276
600030,2022-02-16 00:00:00,23.3847
600030,2022-02-17 00:00:00,23.1655
600030,2022-02-18 00:00:00,23.4800
600030,2022-02-21 00:00:00,23.3656
600030,2022-02-22 00:00:00,22.8987
600030,2022-02-23 00:00:00,23.1084
600030,2022-02-24 00:00:00,22.3555
600030,2022-02-25 00:00:00,22.2221
600030,2022-02-28 00:00:00,22.2317
600030,2022-03-01 00:00:00,22.2698
600030,2022-03-02 00:00:00,21.9744
600030,2022-03-03 00:00:00,22.1078
600030,2022-03-04 00:00:00,21.6599
600030,2022-03-07 00:00:00,20.7165
600030,2022-03-08 00:00:00,20.1066
600030,2022-03-09 00:00:00,19.7827
600030,2022-03-10 00:00:00,19.6874
600030,2022-03-11 00:00:00,19.9161
600030,2022-03-14 00:00:00,19.5540
600030,2022-03-15 00:00:00,18.6868
600030,2022-03-16 00:00:00,19.8494
600030,2022-03-17 00:00:00,19.7445
600030,2022-03-18 00:00:00,20.4402
600030,2022-03-21 00:00:00,19.8303
600030,2022-03-22 00:00:00,19.8684
600030,2022-03-23 00:00:00,19.8589
600030,2022-03-24 00:00:00,19.7064
600030,2022-03-25 00:00:00,19.4110
600030,2022-03-28 00:00:00,19.4968
600030,2022-03-29 00:00:00,19.2967
600030,2022-03-30 00:00:00,20.0781
600030,2022-03-31 00:00:00,19.9161
600030,2022-04-01 00:00:00,20.1257
600030,2022-04-06 00:00:00,20.1257
600030,2022-04-07 00:00:00,19.7064
600030,2022-04-08 00:00:00,20.0876
600030,2022-04-11 00:00:00,19.5063
600030,2022-04-12 00:00:00,20.1066
600030,2022-04-13 00:00:00,19.7255
600030,2022-04-14 00:00:00,19.9828
600030,2022-04-15 00:00:00,19.8970
600030,2022-04-18 00:00:00,19.3348
600030,2022-04-19 00:00:00,19.2681
600030,2022-04-20 00:00:00,18.9727
600030,2022-04-21 00:00:00,18.9060
600030,2022-04-22 00:00:00,18.9441
600030,2022-04-25 00:00:00,18.3247
600030,2022-04-26 00:00:00,17.4671
600030,2022-04-27 00:00:00,17.9245
600030,2022-04-28 00:00:00,17.8863
600030,2022-04-29 00:00:00,18.7630
600030,2022-05-05 00:00:00,18.4676
600030,2022-05-06 00:00:00,17.9149
600030,2022-05-09 00:00:00,17.8482
600030,2022-05-10 00:00:00,18.1150
600030,2022-05-11 00:00:00,18.2294
600030,2022-05-12 00:00:00,18.1913
600030,2022-05-13 00:00:00,18.3819
600030,2022-05-16 00:00:00,18.1722
600030,2022-05-17 00:00:00,18.4104
600030,2022-05-18 00:00:00,18.6010
600030,2022-05-19 00:00:00,18.4581
600030,2022-05-20 00:00:00,18.8202
600030,2022-05-23 00:00:00,18.7726
600030,2022-05-24 00:00:00,18.3342
600030,2022-05-25 00:00:00,18.4009
600030,2022-05-26 00:00:00,18.6963
600030,2022-05-27 00:00:00,18.6868
600030,2022-05-30 00:00:00,18.5820
600030,2022-05-31 00:00:00,18.8583
600030,2022-06-01 00:00:00,18.6868
600030,2022-06-02 00:00:00,18.7535
600030,2022-06-06 00:00:00,19.0203
600030,2022-06-07 00:00:00,19.1633
600030,2022-06-08 00:00:00,19.4015
600030,2022-06-09 00:00:00,19.2776
600030,2022-06-10 00:00:00,19.8112
600030,2022-06-13 00:00:00,19.3157
600030,2022-06-14 00:00:00,20.1162
600030,2022-06-15 00:00:00,20.8404
600030,2022-06-16 00:00:00,19.8398
600030,2022-06-17 00:00:00,19.8398
600030,2022-06-20 00:00:00,19.7445
600030,2022-06-21 00:00:00,20.0209
600030,2022-06-22 00:00:00,19.7827
600030,2022-06-23 00:00:00,20.7451
600030,2022-06-24 00:00:00,20.6117
600030,2022-06-27 00:00:00,20.7737
600030,2022-06-28 00:00:00,20.7260
600030,2022-06-29 00:00:00,20.4021
600030,2022-06-30 00:00:00,20.6403
600030,2022-07-01 00:00:00,20.3353
600030,2022-07-04 00:00:00,20.4306
600030,2022-07-05 00:00:00,20.1638
600030,2022-07-06 00:00:00,19.9351
600030,2022-07-07 00:00:00,19.9065
600030,2022-07-08 00:00:00,19.6969
600030,2022-07-11 00:00:00,19.2490
600030,2022-07-12 00:00:00,19.2681
600030,2022-07-13 00:00:00,19.2681
600030,2022-07-14 00:00:00,19.0775
600030,2022-07-15 00:00:00,18.6487
600030,2022-07-18 00:00:00,18.9346
600030,2022-07-19 00:00:00,19.0203
600030,2022-07-20 00:00:00,19.0394
600030,2022-07-21 00:00:00,18.8393
600030,2022-07-22 00:00:00,18.9441
600030,2022-07-25 00:00:00,18.7344
600030,2022-07-26 00:00:00,18.8964
600030,2022-07-27 00:00:00,18.8774
600030,2022-07-28 00:00:00,18.9346
600030,2022-07-29 00:00:00,18.6773
600030,2022-08-01 00:00:00,18.4295
600030,2022-08-02 00:00:00,17.9149
600030,2022-08-03 00:00:00,17.8673
600030,2022-08-04 00:00:00,17.9530
600030,2022-08-05 00:00:00,18.3914
600030,2022-08-08 00:00:00,18.5153
600030,2022-08-09 00:00:00,18.4676
600030,2022-08-10 00:00:00,18.5629
600030,2022-08-11 00:00:00,19.2204
600030,2022-08-12 00:00:00,19.1156
600030,2022-08-15 00:00:00,19.0108
600030,2022-08-16 00:00:00,19.0013
600030,2022-08-17 00:00:00,19.2490
600030,2022-08-18 00:00:00,19.0775
600030,2022-08-19 00:00:00,19.0394
600030,2022-08-22 00:00:00,19.0108
600030,2022-08-23 00:00:00,18.9631
600030,2022-08-24 00:00:00,18.6201
600030,2022-08-25 00:00:00,19.1728
600030,2022-08-26 00:00:00,18.9965
600030,2022-08-29 00:00:00,18.9671
600030,2022-08-30 00:00:00,18.8496
600030,2022-08-31 00:00:00,19.1140
600030,2022-09-01 00:00:00,18.8986
600030,2022-09-02 00:00:00,18.8398
600030,2022-09-05 00:00:00,18.8692
600030,2022-09-06 00:00:00,19.0748
600030,2022-09-07 00:00:00,18.9671
600030,2022-09-08 00:00:00,18.9084
600030,2022-09-09 00:00:00,19.3686
600030,2022-09-13 00:00:00,19.4176
600030,2022-09-14 00:00:00,19.1728
600030,2022-09-15 00:00:00,19.1238
600030,2022-09-16 00:00:00,18.0369
600030,2022-09-19 00:00:00,18.0369
600030,2022-09-20 00:00:00,18.0369
600030,2022-09-21 00:00:00,18.0467
600030,2022-09-22 00:00:00,18.0075
600030,2022-09-23 00:00:00,17.9781
600030,2022-09-26 00:00:00,17.6452
600030,2022-09-27 00:00:00,17.6942
600030,2022-09-28 00:00:00,17.3515
600030,2022-09-29 00:00:00,17.0381
600030,2022-09-30 00:00:00,17.0577
600030,2022-10-10 00:00:00,16.9696
600030,2022-10-11 00:00:00,17.0283
600030,2022-10-12 00:00:00,17.4200
600030,2022-10-13 00:00:00,17.3417
600030,2022-10-14 00:00:00,17.6942
600030,2022-10-17 00:00:00,17.8019
600030,2022-10-18 00:00:00,17.7921
600030,2022-10-19 00:00:00,17.7236
600030,2022-10-20 00:00:00,17.7236
600030,2022-10-21 00:00:00,17.8215
600030,2022-10-24 00:00:00,17.3906
600030,2022-10-25 00:00:00,17.1654
600030,2022-10-26 00:00:00,17.1654
600030,2022-10-27 00:00:00,17.2340
600030,2022-10-28 00:00:00,16.8619
600030,2022-10-31 00:00:00,16.8521
600030,2022-11-01 00:00:00,17.5277
600030,2022-11-02 00:00:00,17.5375
600030,2022-11-03 00:00:00,17.3612
600030,2022-11-04 00:00:00,17.8704
600030,2022-11-07 00:00:00,17.8900
600030,2022-11-08 00:00:00,17.8998
600030,2022-11-09 00:00:00,17.8704
600030,2022-11-10 00:00:00,18.0467
600030,2022-11-11 00:00:00,18.5657
600030,2022-11-14 00:00:00,18.8007
600030,2022-11-15 00:00:00,19.3882
600030,2022-11-16 00:00:00,19.0259
600030,2022-11-17 00:00:00,19.0553
600030,2022-11-18 00:00:00,18.7517
600030,2022-11-21 00:00:00,18.4580
600030,2022-11-22 00:00:00,18.7615
600030,2022-11-23 00:00:00,18.8203
600030,2022-11-24 00:00:00,18.7028
600030,2022-11-25 00:00:00,18.9476
600030,2022-11-28 00:00:00,18.6146
600030,2022-11-29 00:00:00,19.3294
600030,2022-11-30 00:00:00,19.4078
600030,2022-12-01 00:00:00,19.5547
600030,2022-12-02 00:00:00,19.4176
600030,2022-12-05 00:00:00,20.3968
600030,2022-12-06 00:00:00,20.4653
600030,2022-12-07 00:00:00,20.1618
600030,2022-12-08 00:00:00,20.0834
600030,2022-12-09 00:00:00,20.2107
600030,2022-12-12 00:00:00,19.8190
600030,2022-12-13 00:00:00,19.8778
600030,2022-12-14 00:00:00,20.1128
600030,2022-12-15 00:00:00,19.8484
600030,2022-12-16 00:00:00,19.9855
600030,2022-12-19 00:00:00,19.5449
600030,2022-12-20 00:00:00,19.3001
600030,2022-12-21 00:00:00,19.3294
600030,2022-12-22 00:00:00,19.4567
600030,2022-12-23 00:00:00,19.3784
600030,2022-12-26 00:00:00,19.2609
600030,2022-12-27 00:00:00,19.7211
600030,2022-12-28 00:00:00,19.6330
600030,2022-12-29 00:00:00,19.3686
600030,2022-12-30 00:00:00,19.4959
600030,2023-01-03 00:00:00,19.4861
600030,2023-01-04 00:00:00,19.7309
600030,2023-01-05 00:00:00,20.0149
600030,2023-01-06 00:00:00,19.9855
600030,2023-01-09 00:00:00,20.2205
600030,2023-01-10 00:00:00,20.0149
600030,2023-01-11 00:00:00,19.9170
600030,2023-01-12 00:00:00,20.0345
600030,2023-01-13 00:00:00,20.3184
600030,2023-01-16 00:00:00,21.0920
600030,2023-01-17 00:00:00,21.1801
600030,2023-01-18 00:00:00,20.9353
600030,2023-01-19 00:00:00,21.1703
600030,2023-01-20 00:00:00,21.2193
600030,2023-01-30 00:00:00,21.1605
600030,2023-01-31 00:00:00,20.9647
600030,2023-02-01 00:00:00,21.6306
600030,2023-02-02 00:00:00,20.9843
600030,2023-02-03 00:00:00,20.9157
600030,2023-02-06 00:00:00,20.4164
600030,2023-02-07 00:00:00,20.4653
600030,2023-02-08 00:00:00,20.4359
600030,2023-02-09 00:00:00,20.7297
600030,2023-02-10 00:00:00,20.5241
600030,2023-02-13 00:00:00,20.4947
600030,2023-02-14 00:00:00,20.4849
600030,2023-02-15 00:00:00,20.3184
600030,2023-02-16 00:00:00,20.1422
600030,2023-02-17 00:00:00,19.8190
600030,2023-02-20 00:00:00,20.6024
600030,2023-02-21 00:00:00,20.6514
600030,2023-02-22 00:00:00,20.3674
600030,2023-02-23 00:00:00,20.5926
600030,2023-02-24 00:00:00,20.1618
600030,2023-02-27 00:00:00,20.0149
600030,2023-02-28 00:00:00,20.2205
600030,2023-03-01 00:00:00,20.4653
600030,2023-03-02 00:00:00,20.4457
600030,2023-03-03 00:00:00,20.7297
600030,2023-03-06 00:00:00,20.2597
600030,2023-03-07 00:00:00,20.0834
600030,2023-03-08 00:00:00,19.9365
600030,2023-03-09 00:00:00,19.8582
600030,2023-03-10 00:00:00,19.5742
600030,2023-03-13 00:00:00,19.7113
600030,2023-03-14 00:00:00,19.4469
600030,2023-03-15 00:00:00,19.6330
600030,2023-03-16 00:00:00,19.4959
600030,2023-03-17 00:00:00,19.7407
600030,2023-03-20 00:00:00,19.6330
600030,2023-03-21 00:00:00,19.7897
600030,2023-03-22 00:00:00,19.8778
600030,2023-03-23 00:00:00,20.0638
600030,2023-03-24 00:00:00,20.0932
600030,2023-03-27 00:00:00,19.9757
600030,2023-03-28 00:00:00,19.9659
600030,2023-03-29 00:00:00,19.7897
600030,2023-03-30 00:00:00,20.0541
600030,2023-03-31 00:00:00,20.0541
600030,2023-04-03 00:00:00,20.5632
600030,2023-04-04 00:00:00,20.6318
600030,2023-04-06 00:00:00,20.4555
600030,2023-04-07 00:00:00,20.7297
600030,2023-04-10 00:00:00,20.6807
600030,2023-04-11 00:00:00,20.8962
600030,2023-04-12 00:00:00,20.8962
600030,2023-04-13 00:00:00,20.5045
600030,2023-04-14 00:00:00,20.5143
600030,2023-04-17 00:00:00,21.3270
600030,2023-04-18 00:00:00,21.2781
600030,2023-04-19 00:00:00,21.0333
600030,2023-04-20 00:00:00,21.1018
600030,2023-04-21 00:00:00,20.3772
600030,2023-04-24 00:00:00,20.1911
600030,2023-04-25 00:00:00,20.2891
600030,2023-04-26 00:00:00,20.2009
600030,2023-04-27 00:00:00,20.5926
600030,2023-04-28 00:00:00,20.5828
600030,2023-05-04 00:00:00,20.8276
600030,2023-05-05 00:00:00,21.4739
600030,2023-05-08 00:00:00,22.2181
600030,2023-05-09 00:00:00,22.2670
600030,2023-05-10 00:00:00,21.4347
600030,2023-05-11 00:00:00,21.3466
600030,2023-05-12 00:00:00,21.0528
600030,2023-05-15 00:00:00,21.3662
600030,2023-05-16 00:00:00,21.3466
600030,2023-05-17 00:00:00,21.2095
600030,2023-05-18 00:00:00,21.2193
600030,2023-05-19 00:00:00,20.8472
600030,2023-05-22 00:00:00,20.8570
600030,2023-05-23 00:00:00,20.4164
600030,2023-05-24 00:00:00,19.8582
600030,2023-05-25 00:00:00,19.8974
600030,2023-05-26 00:00:00,19.9463
600030,2023-05-29 00:00:00,19.9268
600030,2023-05-30 00:00:00,19.9365
600030,2023-05-31 00:00:00,19.6330
600030,2023-06-01 00:00:00,19.6820
600030,2023-06-02 00:00:00,19.7701
600030,2023-06-05 00:00:00,19.5840
600030,2023-06-06 00:00:00,19.4176
600030,2023-06-07 00:00:00,19.4567
600030,2023-06-08 00:00:00,19.7799
600030,2023-06-09 00:00:00,19.7603
600030,2023-06-12 00:00:00,19.4372
600030,2023-06-13 00:00:00,19.5645
600030,2023-06-14 00:00:00,19.5840
600030,2023-06-15 00:00:00,19.8778
600030,2023-06-16 00:00:00,19.9659
600030,2023-06-19 00:00:00,19.7309
600030,2023-06-20 00:00:00,19.6428
600030,2023-06-21 00:00:00,19.4372
600030,2023-06-26 00:00:00,18.8888
600030,2023-06-27 00:00:00,19.0846
600030,2023-06-28 00:00:00,19.0944
600030,2023-06-29 00:00:00,19.0357
600030,2023-06-30 00:00:00,19.3686
600030,2023-07-03 00:00:00,19.8190
600030,2023-07-04 00:00:00,19.8582
600030,2023-07-05 00:00:00,19.7309
600030,2023-07-06 00:00:00,19.6330
600030,2023-07-07 00:00:00,19.7113
600030,2023-07-10 00:00:00,19.7015
600030,2023-07-11 00:00:00,19.8190
600030,2023-07-12 00:00:00,19.6624
600030,2023-07-13 00:00:00,20.0443
600030,2023-07-14 00:00:00,20.0736
600030,2023-07-17 00:00:00,19.8582
600030,2023-07-18 00:00:00,19.8680
600030,2023-07-19 00:00:00,19.9855
600030,2023-07-20 00:00:00,19.8778
600030,2023-07-21 00:00:00,19.9365
600030,2023-07-24 00:00:00,19.9659
600030,2023-07-25 00:00:00,21.1312
600030,2023-07-26 00:00:00,21.3270
600030,2023-07-27 00:00:00,21.0724
600030,2023-07-28 00:00:00,23.1777
600030,2023-07-31 00:00:00,23.5988
600030,2023-08-01 00:00:00,23.1777
600030,2023-08-02 00:00:00,23.3540
600030,2023-08-03 00:00:00,23.9219
600030,2023-08-04 00:00:00,24.1863
600030,2023-08-07 00:00:00,24.2548
600030,2023-08-08 00:00:00,24.3821
600030,2023-08-09 00:00:00,24.3919
600030,2023-08-10 00:00:00,24.6759
600030,2023-08-11 00:00:00,23.5988
600030,2023-08-14 00:00:00,23.2560
600030,2023-08-15 00:00:00,23.6086
600030,2023-08-16 00:00:00,23.5106
600030,2023-08-17 00:00:00,23.4519
600030,2023-08-18 00:00:00,23.4715
600030,2023-08-21 00:00:00,22.4629
600030,2023-08-22 00:00:00,22.7371
600030,2023-08-23 00:00:00,22.3258
600030,2023-08-24 00:00:00,23.0700
600030,2023-08-25 00:00:00,23.4300
600030,2023-08-28 00:00:00,23.7900
600030,2023-08-29 00:00:00,23.3800
600030,2023-08-30 00:00:00,22.5600
600030,2023-08-31 00:00:00,22.2000
600030,2023-09-01 00:00:00,22.3800
600030,2023-09-04 00:00:00,22.5700
600030,2023-09-05 00:00:00,22.3800
600030,2023-09-06 00:00:00,22.1300
600030,2023-09-07 00:00:00,22.1200
600030,2023-09-08 00:00:00,22.2500
600030,2023-09-11 00:00:00,22.6000
600030,2023-09-12 00:00:00,22.3900
600030,2023-09-13 00:00:00,22.2800
600030,2023-09-14 00:00:00,22.2900
600030,2023-09-15 00:00:00,22.0500
600030,2023-09-18 00:00:00,22.1400
600030,2023-09-19 00:00:00,22.0200
600030,2023-09-20 00:00:00,21.9000
600030,2023-09-21 00:00:00,21.7300
600030,2023-09-22 00:00:00,22.6100
600030,2023-09-25 00:00:00,21.9000
600030,2023-09-26 00:00:00,21.9800
600030,2023-09-27 00:00:00,22.0300
600030,2023-09-28 00:00:00,21.6600
600030,2023-10-09 00:00:00,21.6800
600030,2023-10-10 00:00:00,21.4300
600030,2023-10-11 00:00:00,21.5100
600030,2023-10-12 00:00:00,21.7600
600030,2023-10-13 00:00:00,21.5200
600030,2023-10-16 00:00:00,21.5100
600030,2023-10-17 00:00:00,21.9500
600030,2023-10-18 00:00:00,21.8600
600030,2023-10-19 00:00:00,21.5600
600030,2023-10-20 00:00:00,21.5300
600030,2023-10-23 00:00:00,21.1800
600030,2023-10-24 00:00:00,21.6200
600030,2023-10-25 00:00:00,21.8400
600030,2023-10-26 00:00:00,21.8000
600030,2023-10-27 00:00:00,22.0300
600030,2023-10-30 00:00:00,21.6000
600030,2023-10-31 00:00:00,21.7100
600030,2023-11-01 00:00:00,21.7300
600030,2023-11-02 00:00:00,21.5300
600030,2023-11-03 00:00:00,21.8600
600030,2023-11-06 00:00:00,22.8300
600030,2023-11-07 00:00:00,22.7900
600030,2023-11-08 00:00:00,22.5800
600030,2023-11-09 00:00:00,22.4600
600030,2023-11-10 00:00:00,22.4600
600030,2023-11-13 00:00:00,22.2900
600030,2023-11-14 00:00:00,22.6200
600030,2023-11-15 00:00:00,22.6000
600030,2023-11-16 00:00:00,22.4300
600030,2023-11-17 00:00:00,22.5200
600030,2023-11-20 00:00:00,22.3500
600030,2023-11-21 00:00:00,22.4400
600030,2023-11-22 00:00:00,22.2100
600030,2023-11-23 00:00:00,22.2400
600030,2023-11-24 00:00:00,22.0500
600030,2023-11-27 00:00:00,21.6900
600030,2023-11-28 00:00:00,21.6100
600030,2023-11-29 00:00:00,21.4000
600030,2023-11-30 00:00:00,21.4500
600030,2023-12-01 00:00:00,21.5600
600030,2023-12-04 00:00:00,21.4100
600030,2023-12-05 00:00:00,21.1300
600030,2023-12-06 00:00:00,20.9500
600030,2023-12-07 00:00:00,21.0300
600030,2023-12-08 00:00:00,20.9500
600030,2023-12-11 00:00:00,21.2100
600030,2023-12-12 00:00:00,21.1300
600030,2023-12-13 00:00:00,20.7100
600030,2023-12-14 00:00:00,20.5000
600030,2023-12-15 00:00:00,20.4600
600030,2023-12-18 00:00:00,20.4400
600030,2023-12-19 00:00:00,20.6400
600030,2023-12-20 00:00:00,20.1600
600030,2023-12-21 00:00:00,20.2700
600030,2023-12-22 00:00:00,20.2800
600030,2023-12-25 00:00:00,20.0100
600030,2023-12-26 00:00:00,19.8500
600030,2023-12-27 00:00:00,19.9000
600030,2023-12-28 00:00:00,20.3700
600030,2023-12-29 00:00:00,20.3700
600030,2024-01-02 00:00:00,20.0700
600030,2024-01-03 00:00:00,20.1800
600030,2024-01-04 00:00:00,20.0000
600030,2024-01-05 00:00:00,19.7900
600030,2024-01-08 00:00:00,19.4200
600030,2024-01-09 00:00:00,19.4600
600030,2024-01-10 00:00:00,19.4600
600030,2024-01-11 00:00:00,19.6000
600030,2024-01-12 00:00:00,19.5200
600030,2024-01-15 00:00:00,19.4800
600030,2024-01-16 00:00:00,19.5800
600030,2024-01-17 00:00:00,19.2200
600030,2024-01-18 00:00:00,19.4900
600030,2024-01-19 00:00:00,19.4700
600030,2024-01-22 00:00:00,19.1300
600030,2024-01-23 00:00:00,19.7800
600030,2024-01-24 00:00:00,20.5200
600030,2024-01-25 00:00:00,20.5600
600030,2024-01-26 00:00:00,20.8300
600030,2024-01-29 00:00:00,20.5800
600030,2024-01-30 00:00:00,20.4400
600030,2024-01-31 00:00:00,20.5000
600030,2024-02-01 00:00:00,20.4400
600030,2024-02-02 00:00:00,20.1800
600030,2024-02-05 00:00:00,20.1800
600030,2024-02-06 00:00:00,21.1400
600030,2024-02-07 00:00:00,21.1800
600030,2024-02-08 00:00:00,21.2500
600030,2024-02-19 00:00:00,20.8500
600030,2024-02-20 00:00:00,20.9900
600030,2024-02-21 00:00:00,21.3800
600030,2024-02-22 00:00:00,21.7300
600030,2024-02-23 00:00:00,21.5200
600030,2024-02-26 00:00:00,21.3400
600030,2024-02-27 00:00:00,21.4600
600030,2024-02-28 00:00:00,21.0000
600030,2024-02-29 00:00:00,21.3000
600030,2024-03-01 00:00:00,21.3200
600030,2024-03-04 00:00:00,21.1600
600030,2024-03-05 00:00:00,21.1800
600030,2024-03-06 00:00:00,21.1000
600030,2024-03-07 00:00:00,20.8100
600030,2024-03-08 00:00:00,20.8000
600030,2024-03-11 00:00:00,21.1900
600030,2024-03-12 00:00:00,21.4000
600030,2024-03-13 00:00:00,21.0700
600030,2024-03-14 00:00:00,20.8000
600030,2024-03-15 00:00:00,20.8700
600030,2024-03-18 00:00:00,21.2600
600030,2024-03-19 00:00:00,20.8300
600030,2024-03-20 00:00:00,20.8400
600030,2024-03-21 00:00:00,20.8300
600030,2024-03-22 00:00:00,20.5000
600030,2024-03-25 00:00:00,19.5000
600030,2024-03-26 00:00:00,19.6000
600030,2024-03-27 00:00:00,19.3500
600030,2024-03-28 00:00:00,19.3100
600030,2024-03-29 00:00:00,19.2000
600030,2024-04-01 00:00:00,19.4100
600030,2024-04-02 00:00:00,19.3100
600030,2024-04-03 00:00:00,19.1600
600030,2024-04-08 00:00:00,18.9200
600030,2024-04-09 00:00:00,18.9300
600030,2024-04-10 00:00:00,18.4100
600030,2024-04-11 00:00:00,18.3400
600030,2024-04-12 00:00:00,17.9400
600030,2024-04-15 00:00:00,17.7400
600030,2024-04-16 00:00:00,17.6300
600030,2024-04-17 00:00:00,18.1000
600030,2024-04-18 00:00:00,18.2100
600030,2024-04-19 00:00:00,18.1300
600030,2024-04-22 00:00:00,18.2800
600030,2024-04-23 00:00:00,18.2700
600030,2024-04-24 00:00:00,18.2700
600030,2024-04-25 00:00:00,18.1800
600030,2024-04-26 00:00:00,19.1600
600030,2024-04-29 00:00:00,19.3800
600030,2024-04-30 00:00:00,19.0100
600030,2024-05-06 00:00:00,19.2100
600030,2024-05-07 00:00:00,19.1200
600030,2024-05-08 00:00:00,18.7800
600030,2024-05-09 00:00:00,18.9100
600030,2024-05-10 00:00:00,19.0600
600030,2024-05-13 00:00:00,18.9800
600030,2024-05-14 00:00:00,19.0100
600030,2024-05-15 00:00:00,18.7500
600030,2024-05-16 00:00:00,18.7800
600030,2024-05-17 00:00:00,19.1900
600030,2024-05-20 00:00:00,19.2900
600030,2024-05-21 00:00:00,19.2400
600030,2024-05-22 00:00:00,19.3100
600030,2024-05-23 00:00:00,18.8700
600030,2024-05-24 00:00:00,18.5900
600030,2024-05-27 00:00:00,18.7300
600030,2024-05-28 00:00:00,18.6200
600030,2024-05-29 00:00:00,18.6500
600030,2024-05-30 00:00:00,18.5600
600030,2024-05-31 00:00:00,18.6200
600030,2024-06-03 00:00:00,18.4300
600030,2024-06-04 00:00:00,18.5600
600030,2024-06-05 00:00:00,18.5400
600030,2024-06-06 00:00:00,18.4900
600030,2024-06-07 00:00:00,18.3800
600030,2024-06-11 00:00:00,18.3400
600030,2024-06-12 00:00:00,18.2800
600030,2024-06-13 00:00:00,18.2600
600030,2024-06-14 00:00:00,18.6300
600030,2024-06-17 00:00:00,18.6600
600030,2024-06-18 00:00:00,18.7100
600030,2024-06-19 00:00:00,18.5300
600030,2024-06-20 00:00:00,18.3800
600030,2024-06-21 00:00:00,18.4400
600030,2024-06-24 00:00:00,18.4200
600030,2024-06-25 00:00:00,18.1200
600030,2024-06-26 00:00:00,18.4000
600030,2024-06-27 00:00:00,18.4000
600030,2024-06-28 00:00:00,18.2300
